code,vegetable,title_en,title_es,servings,prep,cook,ingredients_en,steps_en,photos
10202,BROCCOLI,Broccoli and Apple Salad,Ensalada de Brócoli y Manzana,4,15 minutes,Refrigerate 30 minutes,"1 head broccoli, cut into pieces (see ""Cutting Tip"") | 2 apples, cored and chopped into pieces | Cooked chicken (optional) in bite-size pieces | 1 cup chopped celery (optional) | ½ cup low-fat mayonnaise or low-fat plain yogurt | 1 small spoon sugar","Bring a large pot of water, with a pinch of salt, to a boil. Add broccoli pieces and cook for 1-2 minutes. Drain and immediately put pieces in a bowl of cold water and ice cubes to stop the cooking. Let cool and drain. | Combine broccoli, apple, celery, and chicken (optional). | Mix mayonnaise or yogurt and sugar in a small bowl. | Add dressing to the broccoli and mix well. | Chill if desired.",recipe/BR-202/photo1.jpg
10203,BROCCOLI,Ginger Broccoli,Brócoli al Jengibre,2-4,5 minutes,12 minutes,"1 head broccoli, broken into pieces (see ""Cutting Tip"") | 1 small spoon ginger, peeled and finely chopped | 2 large spoons orange juice | 1 large spoon soy sauce | 1 small spoon vegetable oil","Steam or boil broccoli until tender and drain. | Combine grated ginger, orange juice, soy sauce, and oil in a small bowl and mix. | Pour sauce over broccoli and toss well.",recipe/BR-203/photo1.jpg; recipe/BR-203/photo2.jpg
10204,BROCCOLI,Broccoli Crock Pot Corn Bread,Brócoli y Pan de Elote en Olla Eléctrica Tipo CrockPot,6-8,25 minutes,3 1/2 - 4 hours,"½ stick of butter or margarine, melted | 2 heads of broccoli separated into pieces (use stems, too; see ""Cutting Tip"") | 1 onion chopped | 1 box (8-9 ounces) of corn bread mix | 4 eggs, well beaten | 1 cup of cottage cheese | ½ small spoon of salt | 1 large spoon of vegetable oil","Steam or boil the broccoli pieces until tender, drain. Chop into small pieces. | Heat oil in a frying pan and cook onions for 3-4 minutes, until they are soft. | Combine all ingredients and mix well. | Pour into a greased CrockPot. | Cook on low for 3 ½ -4 hours, or until a toothpick inserted into the center comes out clean. | Turn pot over, remove bread, and cut into wedges.",recipe/BR-204/photo1.jpg
10205,BROCCOLI,Broccoli Tacos,Tacos de Brócoli,4,20 minutes,25 minutes,"1 head broccoli, chopped into pieces (see ""Cutting Tip"") | ¼ cup milk | 1 small spoon mustard | pinch of pepper | cooked chicken or meat (optional) | ½ can low-fat cream of mushroom soup | 2 green onions, chopped (optional) | 8 tortillas or taco shells | 1 large spoon vegetable oil | 1 cup shredded cheese","Preheat oven to 350 degrees. Lightly grease a baking dish. | Steam or boil broccoli pieces until tender. Drain and chop into small pieces. | Combine milk, mustard, and pepper in a large bowl. | Add broccoli, meat (optional), green onions (optional) and cream of mushroom soup and a ½ cup of cheese. | Spoon about a half cup of the mixture into the center of a tortilla. Fold in sides and roll up. | Place in a greased baking dish. | Bake for 15 minutes. Sprinkle with remaining cheese. Bake 10 minutes more.",recipe/BR-205/photo1.jpg
10206,BROCCOLI,Boiled Broccoli,Brócoli Hervido,2-4,5-10 minutes,5-8 minutes,"1 head of broccoli, cut into pieces (see ""Cutting Tip"") | water | salt and pepper, or lemon or lime juice (optional)","Put about 1 cup of water into a pot, and bring to a boil. Add the broccoli. Cover with a lid and reduce heat to medium. | Cook for about 5 minutes, making sure that there is always some water in the pot. The broccoli should become bright green and remain firm. | Drain. Mix with pinch of salt and pepper, or lemon or lime juice, to taste.",img/Boiled_Brocc.jpg
10208,BROCCOLI,Fried Broccoli with Garlic,Brócoli Frito con Ajo,2-4,7 minutes,10 minutes,"1 head of broccoli, cut into pieces (see ""Cutting Tip"") | 2 large spoons vegetable oil | 2-3 cloves fresh garlic, chopped | salt and pepper, to taste","Cook broccoli (either steam, boil, or microwave). Broccoli should turn bright green and stay firm. | Heat the oil in a pan on medium heat. Add the garlic, cook and stir until garlic starts to get soft. | Add broccoli, with a pinch of salt and pepper. Turn heat to high, cook and stir for another 2-3 minutes.",img/Fried_Brocc_with_Garlic.jpg
10209,BROCCOLI,Roasted Italian Broccoli,Brócoli Asado a la Italiana,2-3,7 minutes,9-12 minutes,"1 head of broccoli, florets and stems, peeled and sliced (see ""Cutting Tip"") | 2 large spoons of Italian dressing or 2 large spoons of vegetable oil | salt, pepper, or favorite seasonings, if using vegetable oil (optional) | 1 large spoon of vegetable oil","Preheat oven to 450 degrees. | Mix broccoli pieces with Italian dressing or vegetable oil in a bowl. | Add a pinch of salt, pepper, or favorite seasonings and mix well, if using vegetable oil (optional). | Coat baking sheet with a large spoon of vegetable oil. Bake the broccoli for 9-12 minutes, or until tender. Turn broccoli once or twice during cooking.",img/RoastBroccoli.jpg
10210,BROCCOLI,Broccoli and Vegetable Salad (with Noodles),Brócoli y Ensalada de Vegetales (conTallarines),3-5,10 minutes,12 minutes,"1 head of broccoli, cut into pieces (see ""Cutting tip"") | 5-6 large spoons Italian dressing, more if needed to coat all vegetables | ½ package noodles, any shape (optional) | sliced pepper (optional) | sliced carrots (optional) | sliced mushrooms (optional) | sliced onion (optional) | can of olives, drained (optional) | fresh tomatoes, sliced (optional)","Put broccoli pieces in a bowl with the other sliced vegetables. Mix with Italian dressing. | Refrigerate for at least 3 hours, or even overnight. Stir once or twice during this time. Vegetables will become tender, almost like cooking them. | Boil noodles according to the directions on the package. Drain noodles, mix with a large spoon of Italian dressing, and cool. | Combine vegetables with noodles and stir.",img/Brocc_Veg_Marin_Salad.jpg
10211,BROCCOLI,Broccoli and Carrots,Brócoli y Zanahorias,4-6,10 minutes,5 minutes,"1 head of broccoli, cut into pieces (see ""Cutting Tip"") | 3 medium carrots | salt and pepper, or lemon or lime juice (optional) | water or broth","Wash and peel carrots. Slice into rounds about as thick as a pencil. | Put about 2-3 cups of water or broth into a pot, and bring to a boil. Add carrot pieces. Cover with a lid and reduce heat to medium. Cook for about 5 minutes. | Add broccoli and cook for another 3 minutes. | Drain. Mix with pinch of salt and pepper, or lemon or lime juice, to taste.",img/Brocc_and_Carrots.jpg
10212,BROCCOLI,Broccoli Stuffed Baked Potatoes,Papas Rellenas con Brócoli al Horno,4-6,20 minutes,60-75 minutes,"2 large baking potatoes | 1 cup cooked broccoli (steamed, boiled, or microwaved), chopped into small pieces | 2 large spoons of butter or margarine | 1 green onion, including green part, finely chopped (optional) | ½ cup low-fat sour cream (optional) | 1 cup shredded cheese, any kind (optional) | salt and pepper, to taste","To bake the potatoes, first clean them and stab them several times with a fork or sharp knife. This will allow heat to be released as the potatoes bake. | Bake the potatoes for 50-60 minutes at 350 degrees. | Slice the potato in half, lengthwise. Scoop out the insides and mash in a bowl with the butter or margarine, until smooth. | Add the green onion, sour cream, or shredded cheese (optional). | Mix in pinch of salt and pepper. | Stir in the broccoli pieces. | Stuff the potato-broccoli filling into the potato skins. Put any extra filling in an oven proof container. | Cook the stuffed potatoes (and any extra filling) for 10-15 minutes at 350 degrees.",recipe/BR-212/photo1.jpg
10213,BROCCOLI,Broccoli with Lemon Topping,Brócoli con Limón,4-6,10 minutes,8-10 minutes,"2 heads of broccoli, florets only (see ""Cutting Tip"") | 2 large spoons of vegetable oil | 2 large spoons butter or margarine | 4-6 cloves of garlic, chopped (optional) | 1 small spoon of chopped lemon peel (yellow part only) | 2 large spoons of lemon juice | a handful of nuts of any kind, cut into pieces (optional) | salt and pepper, to taste","Preheat oven to 400 degrees. | Mix broccoli with 1 large spoon of oil and pinch of salt and pepper. | Coat a baking sheet with 1 large spoon of oil. Bake the broccoli for 8 minutes, or until tender, turning once or twice. | Melt butter or margarine in a pan over medium heat. Add garlic and lemon peel. Stir for about 1 minute. | Turn heat to low and add lemon juice. Cook another minute. | Mix broccoli with the lemon sauce until all the pieces are coated. Top with nuts (optional).",img/Broccoli_with_Lemon_Topping-Photo.jpg
10215,BROCCOLI,Microwaved Broccoli,Brócoli en Horno de Microondas,2-4,7 minutes,5 minutes,"1 head of broccoli, cut into pieces (see ""Cutting Tip"") | 3-4 large spoons of water or broth | salt or pepper, to taste | lemon or lime juice (optional) | 2-3 large spoons of Italian dressing (optional)","Place the broccoli pieces into a microwaveable dish. | Add water or broth and cover with plastic wrap. Microwave on high for 4-5 minutes. | Add flavor with a pinch of salt or pepper, or lemon or lime juice to taste, or toss with some Italian dressing.",img/Micro_Brocc.jpg
10216,BROCCOLI,Steamed Broccoli,Brócoli al Vapor,2-4,7 minutes,4 minutes,"1 head of broccoli, cut into pieces (see ""Cutting Tip"") | water | salt or pepper | lemon or lime juice (optional) | 2-3 large spoons of Italian dressing (optional)","Boil about 1 inch of water in a pot. | Place a steamer basket in the pot and place broccoli into the basket. | Cover, cook for 3-4 minutes. The broccoli should be a bright green and still firm. Test with a fork. | Add flavor with a pinch of salt or pepper, or lemon or lime juice to taste, or toss with some Italian dressing.",recipe/BR-216/photo1.jpg
10217,BROCCOLI,Stove-Top Chicken and Broccoli,Pollo y Brócoli al Sartén,4,10 minutes,25 minutes,"1-3 heads of broccoli, cut into pieces (see ""Cutting Tip"") | 4 boneless chicken breast halves, skinless | 2 large spoons butter, margarine, or vegetable oil | 1 can of low-fat cream soup (broccoli, mushroom, or chicken) | 2-3 ears of corn cut from the cob, or 1 can of corn, or a package of frozen corn (thawed) | ¾ cup milk, low fat | ½ cup shredded cheese, any kind (optional) | pepper, to taste","Dry chicken breasts, sprinkle with pepper. | Heat a large pan on medium and add butter, margarine, or oil. Cook chicken 5-10 minutes or until browned, turning several times. Set chicken aside. | Combine remaining ingredients in pan. Heat until boiling. Return chicken and cover pan. | Cook, turning often, over low heat 10-20 minutes, until chicken is no longer pink inside and broccoli is tender-crisp.",recipe/BR-217/photo1.jpg; recipe/BR-217/photo2.jpg
10218,BROCCOLI,Broccoli and Tomato Soup,Sopa de Brócoli y Jitomate,4-6,15 minutes,25 minutes,"2 heads of broccoli, cut into pieces (see ""Cutting Tip"") | 1 large can of tomatoes | 1 onion, chopped (optional) | 2 large spoons butter, margarine, or vegetable oil | 2-3 cloves of garlic, chopped (optional) | 2 cups of broth | pepper, to taste","Put butter, margarine or oil and garlic and onion in a pot on medium heat. Stir until onion and garlic start to get soft. | Crush or chop the tomatoes. | Add broccoli, tomatoes (with juice), and broth to the pot. | Cover and simmer for 10-15 minutes, until broccoli pieces are tender. Stir a few times. Add a pinch of pepper. | Use a potato masher or a blender to crush vegetables (optional). | Add more broth to reduce thickness, if you want.",recipe/BR-218/photo1.jpg
10219,BROCCOLI,Broccoli and Rice Casserole,Guiso de Brócoli y Arroz,6-8,15 minutes,60 minutes,"1-3 heads of broccoli, cut into pieces (see ""Cutting tip"") | ½-1 cup of cooked rice (follow instructions on package) | 1 egg beaten | 1 can of non-fat cream soup (broccoli, chicken or mushroom) | 1 cup of milk (lowfat) | 1 cup of shredded cheese (any kind)(optional) | 1 onion, chopped (optional) | 1 large spoon butter, margarine, or vegetable oil","Preheat oven to 350 degrees. | Combine all ingredients (except the butter, margarine, or oil) in a large bowl and mix well. | Coat inside of large baking dish with butter, margarine, or vegetable oil. Spoon mixture into dish. Bake 1 hour.",recipe/BR-219/photo1.jpg
10220,BROCCOLI,"Broccoli, Black Bean, Corn, and Chicken/Meat Mix","Un Guiso de Brócoli, Fríjol Negro, Maíz y Pollo/Carne",4,15 minutes,10 minutes,"1 can (15 oz.) black beans , drained | 1 can (14-15 oz.) creamed corn | 1 head of broccoli, cut into pieces (see ""Cutting Tip""), about two cups | Any cooked meat or cooked chicken, 1-2 cups | Low-fat grated cheese, chopped avocado, or low-fat sour cream (optional)","Combine beans and corn in a large pot. Heat gently, 3-4 minutes. | In a different pot, cook the broccoli pieces (steam, boil, or microwave). | Mix broccoli, beans, corn, and cooked meat. | Top with grated cheese, chopped avocado, or sour cream (optional).",recipe/BR-220/photo1.jpg
12201,CARROT,Carrot Soup,Sopa de Zanahoria,4-6,20 minutes,30 minutes,"4 large spoons of vegetable oil or butter | 8 large carrots, peeled and chopped into small pieces | 3 onions, peeled and chopped into small pieces | 3 cans of chicken broth or water | salt and pepper (optional) | 1 small container of non-fat plain yogurt (optional)","Heat oil or butter in a large pot. | Add onions and cook until soft. | Add carrots and broth and bring to a boil. | Turn heat to low, cover pot and let simmer until carrots are tender when pierced, about 30 minutes. | Blend the carrot soup using a blender, hand mixer or potato masher. | Season with salt or pepper, to taste. | Serve warm or let soup cool and stir in yogurt for a cold soup. | Do not freeze if you add yogurt.",recipe/CA-201/photo1.jpg
12202,CARROT,"Carrots with Chicken, One-Dish Meal",Zanahorias con Pollo - Toda una Comida en un Plato,4-5,40 minutes,60-75 minutes,"4 carrots, peeled and cut into thumb-size pieces | 3 medium potatoes, sliced pencil-thick | 1 large onion, peeled and cut into wedges (optional) | 4 chicken breast halves | 2 large spoons of vegetable oil | 1 large spoon of margarine or butter | garlic or other seasonings (optional) | salt and pepper, to taste","Preheat oven to 350 degrees. | Rub chicken parts with bits of margarine or butter, sprinkle lightly with salt and pepper. | Combine carrots, potatoes, and onion in baking dish and half of the oil, mix together. | Sprinkle the vegetables lightly with salt and pepper. You can also add garlic or other seasonings (optional). | Coat inside of baking dish with oil; place chicken on top of the vegetables. | Cover tightly with cover or foil and bake for 60 minutes; uncover and bake 10-15 minutes more.",recipe/CA-202/photo1.jpg; recipe/CA-202/photo2.jpg
12203,CARROT,Spicy Lemon Carrots,Zanahorias Picantes con Limón,6-8,7 minutes,None,"6 carrots, shredded | 1 tomato, chopped (optional) | juice of one large lemon or lime | 3 pinches salt, or to taste | hot sauce, to taste | cilantro, one bunch or 3 large spoons, chopped (optional)","Shred the carrots and chop the tomato. Mix together. | Add juice and salt. | Add hot sauce, to taste. | Add cilantro (optional). | Eat as a side dish or put in a sandwich or tortilla wrap.",recipe/CA-203/photo1.jpg
12204,CARROT,Jalapeño Carrots,Zanahorias con Chiles Jalapeños,4-6,15 minutes,Refrigerate 12 hours,"2-3 large carrots, peeled and thinly sliced | 1-2 cups canned sliced jalapeño peppers (including juice) | other seasonings (optional)","Boil carrots briefly, until cooked but not soft (about 7 minutes). | Drain carrots. Place them in a shallow plastic or glass dish with a tight-fitting lid. | Sprinkle your favorite seasonings over the carrots. | Pour in jalapeño peppers, including liquid. Let peppers sit on top of the carrots. | Cover and leave in refrigerator at least 12 hours before using. | Stir and eat both carrots and peppers.",recipe/CA-204/photo1.jpg
12205,CARROT,Crock Pot Carrots,"Zanahorias Guisadas en una Olla Eléctrica Tipo ""Crock Pot""",4-6,15 minutes,3 hours,"3 cups carrots, peeled and sliced, pencil thick | 2 large spoons of brown sugar | 2 large spoons butter or margarine, melted | salt or pepper | other seasonings (optional)","Slice carrots and put into the CrockPot. | Sprinkle the carrots with brown sugar and a pinch of salt or pepper. | Add other seasonings, if you like. | Pour the melted butter or margarine over the carrots. | Toss all of the ingredients together. | Cover with lid and cook on high for 3 hours.",recipe/CA-205/photo1.jpg
12206,CARROT,Maple Syrup and Brown Sugar Carrots,Zanahorias con Miel de Maple y Azúcar Morena,5-6,15 minutes,15 minutes,"6-8 carrots, cut into chunks or slices | 1/3 cup water | 2 large spoons butter | 3 large spoons maple syrup | 1 large spoon brown sugar | 1 small spoon orange zest (optional) | salt and pepper (optional)","Place all ingredients in saucepan and bring to a boil. | Reduce heat to medium. Cover and simmer until carrots are crisp and tender, about 5-8 minutes. | Uncover and cook until juices are reduced, about 5 minutes. | Season with salt and pepper, to taste.",recipe/CA-206/photo1.jpg
12207,CARROT,Sweet and Sour Carrot Salad,Ensalada de Zanahorias Agridulces,6-8,45 minutes,Refrigerate 8 hours,"11-12 carrots, peeled and cut into sticks | ½ can tomato soup | ½ cup sugar | 2/3 cup vinegar | ¼ cup oil | ½ small spoon Worcestershire sauce | ½ small spoon mustard | salt and pepper, to taste | 1 onion, sliced in rings (optional) | 1 green pepper, cut into strips (optional)","Bring water to boil. Add carrots and bring to a boil again. Cook until tender, but not soft, about 5 minutes. Drain and cool the carrots. | Mix tomato soup, sugar, vinegar, oil, Worcestershire sauce, mustard, salt and pepper. | Combine carrots and onions and green peppers. | Pour the tomato soup mixture over the vegetables. | Chill 8 hours. Stir once or twice.",recipe/CA-207/photo1.jpg
12209,CARROT,Boiled Carrots,Zanahorias Hervidas,4-6,5 minutes,10 minutes,"4-6 carrots | water, to cover | salt and pepper (optional)","Peel the carrots and cut into slices. | Bring water to a boil in a pot. | Add the carrots, cover the pot, and turn the heat down to medium-low. | Cook the carrots about 10 minutes, or until tender. Cook a shorter time if you prefer crisper carrots. | Season with salt or pepper to taste.",img/Boiled_Carrots.jpg
12211,CARROT,Stir-Fry Carrots,Zanahorias Sofritas,4-6,10 minutes,6 minutes,"4-6 carrots, cut into slices | 1 large spoon of vegetable oil | 4 cloves chopped garlic (optional) | other chopped or sliced vegetables (optional) | pepper or other herbs or spices (optional) | 1 large spoon soy sauce (optional) | Any cooked meat in small pieces (optional)","Heat the vegetable oil in a pan to very hot. | Add the chopped garlic, carrots, and other vegetables (optional). Stir for a minute. | Add pepper or other herbs or spices, and soy sauce. | Keep stirring and moving the vegetables until they are tender, 3-5 minutes. | Add meat and stir for a minute",recipe/CA-211/photo1.jpg
12212,CARROT,Carrot and Raisin Salad,Ensalada de Zanahorias con Pasas,6-8,8 minutes,None,"6 carrots, shredded | handful of raisins | non-fat, plain yogurt | pinch of sugar (optional) | drained, crushed canned pineapple (optional)","Mix the carrots and raisins together. | Add yogurt to moisten, as desired. Mix well. | Add sugar and drained pineapple, if you like. | Chill.",recipe/CA-212/photo1.jpg
12213,CARROT,Baked Carrots and Apples,Zanahorias y Manzanas al Horno,4-6,20 minutes,50 minutes,"2 cups sliced carrots | 3 apples, thinly sliced | 2 large spoons flour | 4 large spoons brown sugar | ¾ cup orange juice","Preheat oven to 350 degrees. | Put 2 cups of water in a pot and bring to a boil. | Add the sliced carrots. Cover the pot and turn the heat down. | Cook for 5-7 minutes, or until tender. | Drain the carrots. | Combine the cooked carrots and apples in an 8""x8"" baking dish. | Pour orange juice over the carrots and apples. | Mix the flour and brown sugar. Sprinkle the mixture over the carrots and apples; this will form a light crust. | Bake for 40 minutes.",recipe/CA-213/photo1.jpg
12214,CARROT,Pan-Fried Carrots,Zanahorias Fritas al Sartén,4-6,6 minutes,10 minutes,"4 cups carrots, sliced | 1 small onion, sliced | 2 small spoons vegetable oil | parsley (optional)","Heat the oil in a frying pan. | Add the carrots and onions. | Cover and turn the heat down. | Check to make sure the carrots are not sticking. Stir if necessary. | Cook for 8-10 minutes, or until carrots and onions are tender. | Add the parsley (optional) and serve.",recipe/CA-214/photo1.jpg
12215,CARROT,"Stove-Top, Seasoned Carrots",Zanahorias al Sazón,3-4,8 minutes,6 minutes,"3 carrots, thinly sliced | 4 cloves garlic, chopped | 2 large spoons vegetable oil | juice of a lemon or an orange | handful of raisins (optional)",Heat the oil in a frying pan. | Add the carrots and garlic and cook for 3 minutes. | Add juice and raisins to carrots and mix well. | Cover with lid and simmer 3 minutes or until the carrots are tender. | Remove from heat. Serve warm or cold.,recipe/CA-215/photo1.jpg
12216,CARROT,Vegetable Soup,Sopa de Verduras,8,25 minutes,35 minutes,"1 small spoon vegetable oil | 4 cups carrots, peeled and sliced | 1 onion, chopped | 4 cloves garlic, chopped (optional) | 4 stalks celery, chopped (optional) | 1 can (28 oz.) whole tomatoes | salt, pepper, or favorite seasonings (optional) | 1 can (15 oz.) cannellini beans, or other beans (optional) | 4 cups water or chicken or vegetable stock","Heat the oil in a pot. | Add the onion and the garlic and stir over medium heat until soft. | Add celery, carrots, tomatoes (including the liquid), and water or broth. Add seasonings. | Bring to boil. Then, reduce heat, cover pot and simmer 10-15 minutes, or until the vegetables are tender. | Add beans (including liquid) and bring to boil again.",img/VegetableSoup.jpg; recipe/CA-216/photo1.jpg
12217,CARROT,Microwaved Carrots,Zanahorias al Microondas,4-6,5 minutes,5-6 minutes,"4-6 carrots, sliced | 3-4 large spoons water or chicken or vegetable broth | salt or pepper (optional)",Put carrots and 3-4 large spoons of water or broth into a microwavable dish. | Cook about 6 minutes on high. | Season with salt or pepper to taste.,recipe/CA-217/photo1.jpg
12218,CARROT,Microwaved Orange-Glazed Carrots,Zanahorias Glaseadas con Mermelada de Naranja al Microondas,4-6,8 minutes,7 minutes,"4-6 carrots, sliced | water or vegetable or chicken broth | 1 large spoon orange marmalade | 1 large spoon orange juice | raisins (optional)",Put carrots and 3-4 large spoons of water or broth into a microwavable dish. | Cook about 6 minutes on high. | Add a handful of raisins to carrots (optional). | Combine marmalade and orange juice. Microwave this mixture on high for 30 seconds. | Pour over cooked carrots and mix well.,img/Micro_Oran_Glazed_Carrots.jpg
12219,CARROT,Steamed Carrots,Zanahorias al Vapor,4-6,5 minutes,12 minutes,"4-6 carrots, sliced | water | salt and pepper (optional)","Place carrots into a steamer basket. | Pour just enough water in a pot so that water will not touch the bottom of the steamer basket. | Bring water to a boil. | Place steamer basket in pot and cover loosely. | Steam for 12 minutes, or until tender. | Season with salt or pepper to taste.",recipe/CA-219/photo1.jpg
12220,CARROT,Baked Carrots,Zanahorias Horneadas,4-6,6 minutes,30-45 minutes,"4-6 carrots, cut into chunks | 3 cloves garlic, sliced (optional) | 1-2 large spoons vegetable oil | pepper or other herbs or spices (optional)","Preheat oven to 350 degrees. | Toss carrots, sliced garlic, and a pinch of your favorite herbs or spices with a little vegetable oil. | Lightly coat the inside of a baking pan with oil. | Put carrots and garlic into the baking pan. | Bake for about 30-45 minutes, stirring a few times, or until tender.",recipe/CA-220/photo1.jpg
12221,CARROT,One-Pot Chicken and Rice,Una Olla de Arroz con Pollo,4,15 minutes,80 minutes,"2-3 large spoons vegetable oil | 4 chicken thighs or breasts | salt and pepper or favorite seasonings | 1 large onion, cut into medium pieces | 2 stalks celery, cut into 1 inch pieces (optional) | 4 carrots, peeled and cut into 1 inch pieces | 1 cup rice | 2 cups approximately of water or chicken broth","If needed, cut away fat and loose bits of meat from the chicken. Wash chicken and pat dry. Coat chicken pieces lightly with oil. Season with salt, pepper, or your favorite seasonings. | In a large pot, heat 1 large spoon of oil over medium-high heat. | Place chicken pieces in pot. Cook until golden brown on both sides, about 10-12 minutes. | Add onion and celery. Reduce heat to low, cover, and cook 20 minutes, stirring occasionally. | Add carrots and almost 2 cups of water or broth. Stir in rice. | Bring to a boil, then reduce heat to low. Cover and cook until rice absorbs all of the liquid, about 30-40 minutes. Let stand covered for about 10 minutes before serving.",img/Carrot_1_P1010704.jpg; recipe/CA-221/photo1.jpg
11201,CABBAGE,Stove-Top Sweet and Sour Cabbage,Repollo/Col Agridulce al Sartén,4-6,15 minutes,10 minutes,"1 head of cabbage, shredded | 2 large spoons of margarine or butter | 1 large spoon vegetable oil | 3 large spoons packed brown sugar | 3 or 4 cloves of garlic, chopped | 1 small onion, sliced thinly (optional) | 2 large spoons vinegar | pinch of salt and pepper","In a large pan, heat margarine or butter, and oil over medium heat. | Add garlic, onion, brown sugar, and salt and pepper. | Add cabbage and cook until the cabbage starts to soften, about 3-5 minutes. | Reduce heat to medium-low and stir in vinegar. | Cook, stirring often, for approximately 5 minutes, or more if cabbage is still too crunchy.",recipe/CB-201/photo1.jpg
11202,CABBAGE,Cabbage and Meat Casserole,Guiso de Repollo/Col y Carne,4-6,15 minutes,60 minutes,"1 pound lean ground beef | 1 pinch salt | 1 pinch pepper | 1 medium onion, chopped (optional) | ½ cup quick cooking rice | ½ head of cabbage, chopped | 1 can tomato soup | 1 soup can of water | 1 large spoon vegetable oil","Heat oil in pan, and cook beef and onion together. Drain off excess oil. Add salt and pepper. | Stir rice into beef mixture. | Place chopped cabbage in a large casserole dish. | Spread beef, onion and rice mixture over the cabbage. | Pour and spread tomato soup over top of beef mixture. | Fill soup can with water and pour evenly over casserole. | Cover and bake one hour at 350 degrees. | To make in a toaster oven, cut the recipe in half.",recipe/CB-202/photo1.jpg; recipe/CB-202/photo2.jpg
11203,CABBAGE,Cabbage Salsa,Salsa de Repollo/Col,10-12,20 minutes,Refrigerate 2 hours,"½ head cabbage, shredded (do not use the white center) | 8 small tomatoes, diced | 1 small onion, diced | 1 jalapeño pepper, diced (optional) | 3 large spoons lime juice | 1 small spoon salt | 1 small spoon sugar | 3 large spoons chopped cilantro or celery (optional) | 1 clove garlic, chopped (optional)","Combine all ingredients. | Chill for 2 hours. | Serve with tortilla chips, pita bread, tortillas, or cut fresh vegetables.",recipe/CB-203/photo1.jpg
11204,CABBAGE,Simmered Cabbage,Repollo/Col Cocinado a Fuego Lento,4,5 minutes,25 minutes,"½ head cabbage, chopped into medium pieces | 1 large spoon vegetable oil | 1 large spoon margarine or butter | salt and pepper | 1 cup chicken or vegetable broth (or water)","Heat oil and margarine or butter in large saucepan. | Add cabbage, salt, and pepper and stir on low heat for 5 minutes. | Add broth and bring to a boil. | Cover and simmer over medium-low heat, stirring often for about 15 minutes, until cabbage is tender. | Increase to medium heat. Uncover and let juices reduce to about half.",recipe/CB-204/photo1.jpg
11205,CABBAGE,Country Cabbage,Repollo/Col Estilo Rústico,4-6,10 minutes,15-20 minutes,"3 large spoons vegetable oil | ½ cup onion, chopped | ½ cup celery, chopped (optional) | 1 cup carrots, chopped (optional) | 5 cups cabbage, shredded | 1 small spoon sugar | salt and pepper, to taste | 1 can (16 ounces) whole tomatoes with liquid","In large pan, heat vegetable oil. | Cook onions, celery and carrots until tender. | Add cabbage, sugar, salt, pepper, and tomatoes. | Bring to a boil, reduce heat to medium-low. | Cover and cook 5-8 minutes.",recipe/CB-205/photo1.jpg
11206,CABBAGE,Baked Cabbage and Vegetable Casserole,Guiso de Repollo/Col y Verduras al Horno,6-8,30 minutes,60 minutes,"1 medium cabbage, chopped | 4 large onions, sliced | 2 cups mushrooms, chopped (optional) | 1 cup bell peppers, chopped (optional) | 3 cups carrots, thinly sliced (optional) | 3 cups celery, thinly sliced (optional) | 1 can chicken broth or water | 1 cup shredded low-fat cheese | salt and pepper, to taste","Preheat oven to 400 degrees. | In large bowl, mix together the cabbage, mushrooms, peppers, carrots, and celery--or whatever combination of vegetables you choose--and salt and pepper. | Coat inside of large casserole dish with oil or non-fat spray. | Add vegetables to casserole dish. | Pour chicken broth or water over the vegetables. | Cover with foil and bake for 45 minutes. | Remove from oven, uncover, and add the cheese. | Bake, uncovered, for another 5-10 minutes, until cheese melts. | To make in a toaster oven, cut the recipe in half.",recipe/CB-206/photo1.jpg
11207,CABBAGE,Potato Cabbage Soup,Sopa de Repollo/Col y Papa,4,20 minutes,25 minutes,"½ large onion, peeled and chopped | 1 large spoon margarine, butter, or vegetable oil | 2 cups water | 3-4 cups cabbage, chopped | 2 cups potatoes, cut into small pieces | 4 carrots, peeled and sliced (optional) | 2 ½ cups chicken or vegetable broth | pinch of salt, pepper, or favorite seasoning (optional) | 1 small spoon garlic, chopped (optional)","In large pot, cook onion in margarine, butter, or oil until tender. | Add all other ingredients. | Cover and bring to a boil. Reduce heat and simmer for 15-20 minutes.",img/PotatoCabbageSoup.jpg
11208,CABBAGE,"Cabbage, Apple, and Chicken Casserole","Guiso de Repollo/Col, Manzana y Pollo",4,30 minutes,60 minutes,"1 head cabbage, chopped | 2-3 cups apples, peeled and sliced (usually 2 apples) | 1 medium onion, sliced (optional) | 4 garlic cloves, finely chopped (optional) | 2 large spoons sugar | pinch of salt and pepper | pieces of one half chicken, with skin removed | ¼ cup chicken broth | 3-4 small spoons margarine or butter | 2 large spoons vegetable oil","Pre-heat oven to 350 degrees. | Rub chicken pieces with salt and pepper. | Heat oil in hot pan; add chicken and half the garlic and cook until chicken is no longer pink, about 15 minutes; remove chicken from pan. | Add onion slices to pan and cook until they are starting to get soft, a few minutes more. | Combine cabbage, apples, onion, and remaining garlic in a mixture. | Spread a layer of half the mixture in casserole dish; add chicken on top. | Sprinkle some sugar, salt and pepper over chicken. | Spread another layer of the cabbage mixture over this. | Sprinkle rest of sugar, salt and pepper. | Add chicken broth evenly. | Dot with margarine or butter. | Cover casserole dish with aluminum foil; bake for 30 minutes. | Uncover, and bake another 15 minutes.",recipe/CB-208/photo1.jpg
11209,CABBAGE,Cabbage Salad,Ensalada de Repollo/Col,6-8,10 minutes,Refrigerate 2-4 hours,"1 head cabbage, cut into long strips | 1 bell pepper, cut into strips | 1 tomato, thinly sliced | 1 onion, thinly sliced | ½ of a cucumber, thinly sliced (optional) | juice of 1 lemon or 1 large spoon lemon juice | 1 small spoon sugar | 2 pinches of salt","Mix all the vegetables in a bowl. | Combine lemon juice, sugar, and salt. | Toss vegetables, while adding the lemon juice mixture. | Cover bowl tightly with plastic and refrigerate for 2-4 hours before serving.",recipe/CB-209/photo1.jpg
11210,CABBAGE,Boiled Cabbage,Repollo/Col Hervido,4-6,5 minutes,15 minutes,"1 head cabbage, cut into wedges | 1 large spoon vegetable oil | pinch of salt and pepper | 1 small spoon vinegar or lemon juice (optional)","Boil water in a large pot. | Drop wedges of cabbage into the boiling water. | Cook uncovered for 10-15 minutes. | Drain thoroughly. Press towel over cabbage to remove excess moisture. | Combine with oil, salt, or pepper, and very small amount of vinegar or lemon juice to bring out flavors.",recipe/CB-210/photo1.jpg
11211,CABBAGE,Microwaved Cabbage,Repollo/Col en Horno de Microondas,4-6,5 minutes,7 minutes,"1 head cabbage | 2 large spoons water, chicken stock or apple juice","Cut the cabbage into 8 to 10 wedges, removing white core. | Place in a microwave safe dish with 2 large spoonfuls of liquid (water or stock or apple juice). | Cover and microwave at normal power for 5-7 minutes.",recipe/CB-211/photo1.jpg
11212,CABBAGE,Stir-Fry Cabbage,Repollo/Col Sofrito,4-6,15 minutes,5-8 minutes,"2 large spoons vegetable oil | 2 cups vegetables (carrots, broccoli, onions, or others) | ½ head cabbage, shredded | 1 large spoon garlic, chopped (optional) | 1-2 large spoons soy sauce | 2 skinless, boneless chicken breasts, cut into 1 inch pieces (optional)","Heat vegetable oil in a large pan or wok over medium-high heat. | Add vegetables (except cabbage and garlic). Cook 2 to 3 minutes, stirring quickly and constantly. | Add chicken pieces, stir for 2-3 minutes (optional). | Add cabbage and stir until the cabbage is tender. | Add garlic and soy sauce to taste. | Cook for one more minute.",recipe/CB-212/photo1.jpg
11213,CABBAGE,Fried Cabbage with Onions,Repollo/Col Frito con Cebollas,4-6,5 minutes,10 minutes,"1-2 large spoons margarine, butter, or vegetable oil | ½ head cabbage, shredded | 1 large onion, thinly sliced | salt and pepper, to taste","Heat margarine, butter, or oil in a frying pan. | Add onions and cook about 2 minutes. | Add cabbage, salt, and pepper to pan and cook until cabbage is tender, about 5 minutes; stir often during cooking.",recipe/CB-213/photo1.jpg
11214,CABBAGE,Steamed Cabbage,Repollo/Col Cocido al Vapor,4,5 minutes,10-15 minutes,½ head cabbage | water,"Cut cabbage into wedges or slices, and place in steamer basket. | Pour just enough water in a pot, so that water will not touch bottom of steamer basket. Bring water to a boil. Place basket in pot and cover. | Cook large wedges for 15 minutes; smaller wedges or slices will take about 10 minutes.",recipe/CB-214/photo1.jpg
11215,CABBAGE,"Noodles, Cabbage, and Cheese","Fideos/Tallarines, Repollo/Col y Queso",6-8,10 minutes,25 minutes,"1 head cabbage, shredded | 12 ounces noodles | 1 cup grated cheese (Swiss cheese or other cheese) | 1 large spoon butter, margarine, or vegetable oil | salt or pepper, to taste | pinch of red pepper flakes or other seasonings (optional)","Heat pot of lightly salted water to boiling. Add noodles and cook according to package directions. Drain noodles. | Heat butter, margarine, or vegetable oil in a frying pan. Add cabbage, salt, and pepper, and cook 10-15 minutes. | Combine cooked noodles and cabbage in a bowl. Toss with grated cheese and pinch of pepper flakes or other seasonings.",recipe/CB-215/photo1.jpg
11216,CABBAGE,Coleslaw,Ensalada de Col/Repollo,6-8,20 minutes,None,"½ head cabbage, shredded | 1 carrot, diced (optional) | 1 apple, diced (optional) | ¼ red onion, diced (optional) | 1 cup low-fat plain yogurt or low-fat mayonnaise | 1 large spoon vinegar or to taste | 2 small spoons sugar",Combine all ingredients. | Keep refrigerated until ready to serve.,recipe/CB-216/photo1.jpg
11217,CABBAGE,Cabbage and Apples,Repollo/Col y Manzanas,4-6,15 minutes,40 minutes,"1 head cabbage, shredded | 1 apple, sliced | 1 large spoon margarine, butter, or vegetable oil | 1 onion, chopped | pinch of salt and pepper | 1 large spoon brown sugar | 1 cup water | 1 tablespoon vinegar","Heat the margarine, butter, or oil in a pan. | Add onion and cook for one minute. | Add cabbage and cook for 3 to 5 minutes. | Add apples, salt, pepper, and brown sugar. | Cook for 5 minutes, stirring. | Add the water and vinegar and cook, covered, over low heat for about 30 minutes. Stir occasionally.",recipe/CB-217/photo1.jpg
11218,CABBAGE,"Stove-Top Cabbage, Onions, and Potatoes","Repollo/Col, Cebollas y Papas al Sartén",6-8,10 minutes,20 minutes,"1 head cabbage, shredded | 2 large potatoes, peeled and diced | 1 large onion, sliced thinly | ¼ cup vegetable oil | 2 large spoons water or broth | red pepper flakes (optional) | salt or pepper or other seasonings (optional)","In a large pan, heat the oil. | Add potatoes and cook over medium heat until lightly browned. | Add the cabbage, onions, and water or broth. | Season with red pepper flakes or salt or pepper or other seasonings. | Cover and cook over low heat until the potatoes are tender about 10 to 15 minutes; stir often. | To prevent the vegetables from browning, reduce the heat or add more water or broth.",recipe/CB-218/photo1.jpg
11219,CABBAGE,Crock-Pot Cabbage Chili,Repollo/Col y Chili en Olla Eléctrica Tipo Crock-Top,6-8,15 minutes,6-8 hours,"3-4 cups chopped cabbage | 2 chopped onions | 2 12-ounce cans chopped tomatoes | 1 pound of ground beef or ground turkey (optional) | 2 16-ounce cans kidney beans, rinsed and drained | 1 large spoon of chili seasoning or other seasonings (optional)",Combine all ingredients in CrockPot and mix well. | Cover and cook over low heat for 6-8 hours. | Mix well before serving.,recipe/CB-219/photo1.jpg
11220,CABBAGE,"Cabbage, Noodles and Peanut Sauce","Repollo/Col, Fideos y Salsa de Cacahuate",6,20 minutes,Cook noodles according to package,"2/3 cup chunky peanut butter | 4 cups fresh spinach or other greens (losely packed) | 8 or more large spooons of vegetable oil | salt, to taste | 1 head of cabbage | 1 package noodles (12 oz.) any shape, cooked according to package directions | cooked meat, such as chicken or pork (optional)","Cut the cabbage in half and remove the woody stem at the bottom (see photo). Cut the cabbage into thin strips. | Place the peanut butter and greens in a blender or food processor. Turn on low speed. | Slowly pour in oil, in a thin stream. Use enough oil to make a smooth sauce. In between blending, you may need to use the handle of a spoon to push the ingredients together so that they blend smoothly. | Turn off the food processor and taste. Add salt if needed. | Place cabbage and cooked noodles in a large mixing bowl. Add sauce and mix well. | Stir in cooked meat, if you wish.",recipe/CB-220/photo1.jpg; recipe/CB-220/photo2.jpg
11221,CABBAGE,Sloppy Joes,"Hamburguesas Con Ketchup Estilo ""Sloppy Joes""",4-6,25 minutes,40 minutes,"1 pound ground beef or ground turkey | 2 cups of cabbage, finely chopped | half an onion, finely chopped (optional) | ¾ cup ketchup | 1-2 large spoons brown sugar | half a small spoon garlic powder (optional) | 1 small spoon mustard | salt and pepper, to taste (optional) | 4-6 hamburger buns","In a bowl, mix beef, cabbage and onion. | Put this mixture in a pan and cook over medium heat until meat is browned. Drain any excess liquid. | Mix together the ketchup, brown sugar, garlic powder, and mustard. | Stir in ketchup mixture. Cook over medium heat for 30 minutes or until cabbage is as tender as you want. Stir occasionally. taste and season with salt and pepper, if desired. | Serve on hamburger buns.",recipe/CB-221/photo1.jpg
13201,CAULIFLOWER,Steamed Cauliflower,Coliflor Cocida al Vapor,4-6,5 minutes,3-7 minutes,"1 head of cauliflower, broken into pieces | water",Place the cauliflower into a steamer basket. | Pour just enough water in a pot so that water will not touch the bottom of the steamer basket. | Bring water to a boil. Place steamer basket in pot and cover. | Steam for 3-7 minutes or until just tender.,recipe/CL-201/photo1.jpg
13202,CAULIFLOWER,Boiled Cauliflower,Coliflor Hervida,4-6,5 minutes,5-8 minutes,"1 head of cauliflower, broken into pieces | water | 1 large spoon butter or margarine (optional) | salt, pepper, or favorite seasonings (optional)","Fill a pot halfway with water and bring to a boil. | Add the cauliflower to boiling water and cook until tender, about 5 to 8 minutes. | Drain the cauliflower. | Heat butter or margarine in a pan with a pinch of salt, pepper, or favorite seasonings. | Pour this mixture over the cauliflower and stir gently to coat the pieces.",recipe/CL-202/photo1.jpg
13203,CAULIFLOWER,Microwaved Cauliflower,Coliflor Preparada en un Horno de Microondas,4-6,5 minutes,2-3 minutes,"1 head of cauliflower, broken into pieces | water | 1 large spoon butter or margarine (optional) | salt, pepper, or favorite seasonings (optional)","Place the cauliflower in a microwaveable dish. | Add ¼ cup water and cover with lid or plastic wrap. | Microwave on high for 3 minutes and then let stand for 2 more minutes. | Heat butter or margarine in a pan with a pinch of salt, pepper, or favorite seasonings. | Pour this mixture over the cauliflower and stir gently to coat the pieces.",recipe/CL-203/photo1.jpg
13204,CAULIFLOWER,Garlic Cauliflower,Coliflor al Ajo,4-6,5 minutes,3-4 minutes,"1 head of cauliflower, sliced | 1 large spoon vegetable oil | 2 large spoons chopped garlic, chopped onions, or both | salt and pepper, to taste (optional)",Heat oil in a pan. | Add garlic or onions and cook for a few seconds on medium heat. | Add the cauliflower and cook for 3-4 minutes. | Add salt and pepper to taste.,recipe/CL-204/photo1.jpg; recipe/CL-204/photo2.jpg
13205,CAULIFLOWER,"Cauliflower, Carrot and Celery Salad","Ensalada de Coliflor, Zanahoria y Apio",8,20 minutes,Refrigerate 30 minutes,"1 head of cauliflower, broken into small pieces | 3 medium carrots, shredded | 3 stalks of celery, chopped | Dressing: | 4 large spoons vegetable oil | 4 large spoons vinegar | 4 large spoons water | 1 small spoon sugar | 1 small spoon seasoning salt or salt | ½ cup lightly packed fresh celery leaves, chopped (optional)","In a large bowl, mix cauliflower, carrots and celery. | To make salad dressing, mix all salad dressing ingredients. | Pour dressing over vegetables and mix well. | Cover and refrigerate for 30 minutes.",recipe/CL-205/photo1.jpg
13206,CAULIFLOWER,Southern Cauliflower Casserole,Guiso de Coliflor Estilo Sureño,6,15 minutes,30 minutes,"1 head cauliflower, broken into pieces | 1 small onion, chopped | ½ cup grated low-fat cheddar cheese | 1 can low-fat cream of mushroom soup or cream of chicken or cream of celery soup | ½ cup low-fat milk | 1 box frozen peas, thawed (optional) | cooked chicken (optional)","Steam or boil cauliflower and onions until tender, about 3 to 5 minutes. Drain. | Place the cauliflower and onions in a baking dish. | Add peas and cooked chicken (optional). | Mix soup with milk in a separate bowl. | Pour soup mixture over cauliflower and stir. Sprinkle with cheese. | Bake at 350 degrees for 25 to 30 minutes.",recipe/CL-206/photo1.jpg
13207,CAULIFLOWER,Creamy Mashed Cauliflower,Puré Cremoso de Coliflor,4,10 minutes,10 minutes,"1 head cauliflower, broken into small pieces | 4 garlic cloves, peeled and then crushed (optional) | 5 large spoons non-fat plain yogurt | 2 small spoons margarine or butter | salt and pepper, to taste | pinch of any favorite seasoning (optional)","Boil or steam cauliflower and garlic until tender. | Drain off liquid and mash cauliflower and garlic with a potato masher or a blender. | Add yogurt, margarine or butter, and salt and pepper. | Mix thoroughly. | Add any other favorite seasoning.",recipe/CL-207/photo1.jpg
13208,CAULIFLOWER,Cauliflower and Apple Salad,Ensalada de Coliflor y Manzana,8,10 minutes,None,"1 head cauliflower, broken into pieces | 3 apples, cored and chopped into pieces | 1 head broccoli, cut into pieces (optional) | 1 cup chopped celery | ½ cup low-fat mayonnaise or non-fat plain yogurt | 1 small spoon sugar","Bring a large pot of water, with a pinch of salt, to a boil. Add cauliflower pieces and cook, covered, for 1-2 minutes. Then, add broccoli pieces and cook, covered, for another 1-2 minutes. Drain and immediately put pieces in a bowl of cold water and ice cubes to stop the cooking. Drain when vegetables are cool to the touch. | Combine cauliflower, broccoli (optional), apple, and celery. | Mix mayonnaise, or yogurt and sugar in a small bowl to make a dressing. | Add dressing to the vegetable and fruit and mix well. | For a really crisp salad, use raw cauliflower and broccoli pieces. Or, you may place pieces in a pot of boiling, lightly salted water. Cook them for 5 minutes, drain, and put pieces in ice cubes and water to chill. | Chill finished salad, if desired, approximately 30 minutes.",recipe/CL-208/photo1.jpg
13209,CAULIFLOWER,Cauliflower and Broccoli Stir-Fry,Salteado de Coliflor y Brócoli,6,15 minutes,10 minutes,"1 head cauliflower, broken into pieces | 1 head broccoli, broken into pieces | 1 large spoon water | 2 pinches chili powder | 1 large spoon vegetable oil | 1 small spoon finely chopped ginger (optional) | 4 garlic cloves, finely chopped (optional) | salt and pepper to taste | 1 carrot, thinly sliced (optional) | 1 green onion, thinly sliced (optional) | 2 large spoons soy sauce (optional) | any cooked meat, cut in small pieces (optional)","Boil or steam cauliflower and broccoli until tender, drain. | In a small dish, combine water and chili powder. | Heat the oil in a fry pan. Add chicken. Cook until golden brown. Add ginger and garlic (optional). | Cook for 30 seconds; do not let the garlic get brown. | Add the carrot (optional) and cook for 1 minute. | Add the cauliflower and broccoli, toss and stir for about 2 minutes. | Add water and chili powder to pan, stir until mixed. | Add soy sauce and meat pieces (optional). | Add green onion (optional). | Add salt and pepper to taste.",recipe/CL-209/photo1.jpg
13210,CAULIFLOWER,Cauliflower with Salsa,Coliflor con Salsa,6,15 minutes,10 minutes,"1 small onion, chopped into very small pieces | 1 lime | 1 head cauliflower, broken into pieces | 1 (14 ounce) can chopped tomatoes, drained | 1-4 fresh jalapeño peppers, seeded and chopped | pinch of sugar | 1 small spoon salt | ½ cup shredded cheese (optional)","Steam or boil the cauliflower until tender, then drain. | Put the tomatoes, peppers, onion, and sugar in a fry pan. | Peel thin strips of lime and add to the tomato mixture. | Cut the lime in half and squeeze the juice from both halves into the tomato mixture. | Heat gently, until onion softens. | Add cauliflower. | Mix well together. | Add cheese (optional).",recipe/CL-210/photo1.jpg; recipe/CL-210/photo2.jpg
13211,CAULIFLOWER,Crock-Pot Cauliflower Casserole,"Guiso de Coliflor en Olla Eléctrica Tipo ""Crock-Pot""",6-8,20 minutes,4 hours,"3 cups cooked rice | 1 head cauliflower, broken into pieces | 1 can low-fat cream of mushroom soup | 2 cups grated low-fat cheese | ½ cup water | 1 medium onion, diced (optional) | 1 cup peas, fresh or frozen-thawed (optional) | 1 cup corn, frozen-thawed, or canned drained (optional) | 1 cup diced carrots (optional) | 6-10 mushrooms, sliced (optional) | 1 large spoon vegetable oil","Spray CrockPot with nonstick cooking spray, or coat with vegetable oil. | Combine all ingredients in CrockPot. Stir well. | Cook on low for 4 hours.",recipe/CL-211/photo1.jpg
13212,CAULIFLOWER,Cauliflower with Mustard-Lemon Sauce,Coliflor con Aderezo de Mostaza y Limon,4,10 minutes,20 minutes,"1 head cauliflower, sliced | 3 large spoons margarine or butter | 1 large spoon lemon juice | 1 small spoon mustard | 1-2 small spoons grated lemon peel (optional) | vegetable oil","Preheat oven to 400 degrees. | Oil a baking sheet. | Put cauliflower slices on baking sheet. | Bake until cauliflower is slightly softened, about 10 minutes. | Melt margarine or butter in small pan over medium heat. | Add lemon juice, mustard and lemon peel (optional). | Spoon mustard-lemon sauce over cauliflower slices. | Bake 10 minutes longer then serve.",recipe/CL-212/photo1.jpg; recipe/CL-212/photo2.jpg
13213,CAULIFLOWER,"Cauliflower, Broccoli and Tomato Sauce","Coliflor, Brócoli y Salsa de Jitomate",6,10 minutes,30 minutes,"1 small spoon oil | 1 small onion, chopped | 1 clove garlic, chopped (optional) | 1 head cauliflower, broken into pieces | 1 head broccoli, broken into pieces | 1 jar spaghetti sauce | salt and pepper, to taste | noodles, cooked (optional)","Heat a pan. Add oil and cook onions and garlic until tender. | Steam or boil the cauliflower and broccoli, for 5-7 minutes. | Put the cauliflower, broccoli, and onions in a dish. | Heat spaghetti sauce in a pan and pour over cauliflower mixture and mix well. | Add cooked noodles (optional), and mix. | Season with salt and pepper to taste.",recipe/CL-213/photo1.jpg
13214,CAULIFLOWER,Cauliflower and Chicken Casserole,Guiso de Coliflor con Pollo,6,20 minutes,30 minutes,"1 large spoon vegetable oil | 2 chicken breasts, boneless and skinless, cut into small pieces | salt or pepper, to taste | 1 head cauliflower, broken into pieces | 1 bell pepper, cut into pieces (optional) | 1 onion, chopped (optional) | ½ cup low-fat sour cream or plain yogurt | 1 cup shredded low-fat cheddar cheese | ½ cup crushed cornflakes","Preheat oven to 400 degrees. | Put oil in a pan and heat. | Sprinkle salt or pepper on chicken pieces. Place chicken in pan and stir until brown on all sides, about 5 minutes. | Put cauliflower in pan, add 1 cup water; cover and cook on medium for 5 minutes. | Drain off the liquid. | Add bell pepper and onion to pan and cook for 1 minute. | Add sour cream and half of cheese to the chicken-cauliflower mixture. | Put in greased baking dish. | Bake, uncovered, at 400 degrees for 15 minutes. | Take out of oven, top with remaining cheese and crushed cornflakes. | Bake for another 5 minutes.",recipe/CL-214/photo1.jpg
13215,CAULIFLOWER,Stove-Top Cauliflower and Spinach,Coliflor y Espinaca al Sarten,4,10 minutes,20 minutes,"1 head cauliflower, sliced or broken into pieces | 1-2 bags or bunches of spinach | 1 small onion, chopped (optional) | 2 large spoons vegetable oil | 1 large spoon of butter | 2 cloves chopped garlic (optional) | salt and pepper, to taste","Add oil and butter to pan and heat on medium. | Add cauliflower, garlic and onion to pan, cover pan with a lid and cook until cauliflower begins to brown. | Place the fresh spinach on top of the cauliflower. It will quickly cook down. Stir all ingredients. | Season, to taste.",recipe/CL-215/photo1.jpg
13216,CAULIFLOWER,Sweet Cauliflower,Coliflor Dulce,2-3,10 minutes,15 minutes,"1 head cauliflower, broken into pieces | ½ stick margarine or butter | 2-3 large spoons of brown sugar","Heat pan and melt half of margarine or butter. | Add the cauliflower and cook, turning often, until tender and brown, about 5-7 minutes. | Combine brown sugar with other half of margarine or butter. Add this mixture to the cauliflower. | Continue stirring and cook 3-4 minutes until cauliflower is coated with the melted brown sugar.",recipe/CL-216/photo1.jpg
13217,CAULIFLOWER,Cauliflower with Cheese,Coliflor con Queso,4,6 minutes,8 minutes,"1 head cauliflower, broken into pieces | 4 large spoons low-fat sour cream | 1 small spoon chopped onions or green onions | 1 small spoon mustard | ¾ cup shredded low-fat cheddar cheese","Steam or boil cauliflower until tender. | In a bowl, mix sour cream, onion, and mustard. | Add sour cream mixture to cauliflower. | Add cheese, cover and let stand for 3 minutes.",recipe/CL-217/photo1.jpg
13218,CAULIFLOWER,Roasted Cauliflower,Coliflor Asada,4,15 minutes,15 minutes,"1 head cauliflower, broken into pieces | 3 large spoons vegetable oil | salt and pepper or other favorite seasonings","Preheat oven to 350 degrees. | In a bowl, toss cauliflower with oil and seasonings. | Spread on an oiled baking sheet, or a baking sheet covered with aluminum foil. | Bake in oven for 15 minutes, until brown and tender.",recipe/CL-218/photo1.jpg
13219,CAULIFLOWER,Spicy Cauliflower,Coliflor Picante,4,5 minutes,18-20 minutes,"1 head cauliflower, broken into pieces | 2 small spoons vegetable oil | 1 medium bell pepper, seeded and cut into strips | 3 cloves garlic, chopped (optional) | pinch of crushed red pepper | ½ cup vegetable broth, chicken broth, or water","Heat oil in a pan over medium heat. | Cook cauliflower for 1 minute, stirring. | Add bell pepper, garlic, and crushed red pepper and cook for another 2-3 minutes, stirring frequently. | Add broth or water, cover and cook 12 to 15 minutes until tender and brown.",recipe/CL-219/photo1.jpg
13220,CAULIFLOWER,Cauliflower-Potato Patties,Tortitas de Coliflor con Papa,6-10,15 minutes,20 minutes,"1 head cauliflower, broken into pieces | 1 grated potato (leave skin on) | 1 egg | ½ cup breadcrumbs or flour | 3 stalks green onions or 1 small onion, chopped | 1 small spoon salt or seasoned salt | 4 large spoons vegetable oil | pinch of salt and pepper (optional) | sour cream, applesauce, or salsa (optional)","Steam or boil cauliflower in water until soft. | Drain and mash the cauliflower. | Add egg, grated potato, onion, salt, pepper (optional), and breadcrumbs or flour and mix well. | Shape into patties. | Heat 2 large spoons of oil in frying pan and put several patties in pan, cook 4 to 5 minutes on each side, or until brown. | Add 2 more large spoons of oil and cook remaining patties. | Top the patties with a spoon of sour cream, applesauce, or salsa (optional).",recipe/CL-220/photo1.jpg
13221,CAULIFLOWER,Cauliflower and Carrot Soup,Sopa de Coliflor y Zanahoria,4-6,15 minutes,30 minutes,"1 head cauliflower, broken into pieces | 2 small onions, chopped | 2 carrots, sliced thinly | 1 can vegetable broth, chicken broth, or water | 1 cup shredded low-fat cheddar cheese | 1 small spoon vegetable oil | salt, pepper, or favorite seasonings, to taste","Heat oil in a pot. | Add onions and cook until soft. | Add cauliflower and seasonings, and cook until cauliflower turns golden brown. | Add broth and bring to boil. | Add carrots and cook until soft, about 6 to 8 minutes. | Mix using a blender, hand mixer, or a potato masher. | Add cheese and mix again.",recipe/CL-221/photo1.jpg
14201,GREENBEAN,Lemon Green Beans,Ejotes al Limón,3-4,10 minutes,5 minutes,2 cups trimmed green beans | ½ lemon | 1-2 large spoons vegetable oil | salt or pepper (optional),"Bring pot of water to a boil and cook beans until crisp-tender, 4-5 minutes. Drain and pat dry with a towel. | Cut the thin outer peel from a lemon, and slice these pieces into narrow strips. | Squeeze the juice from half a lemon and combine with vegetable oil. Add the beans and toss to coat them. | Add lemon peel strips and sprinkle with salt or pepper, if desired. Mix together.",recipe/GB-201/photo2.jpg; recipe/GB-201/photo1.jpg
14202,GREENBEAN,Green Beans with Salsa,Ejotes con Salsa,4,15 minutes,15 minutes,"4 cups trimmed green beans cut into small pieces | 1 onion, chopped | 1 large spoon butter or margarine | 2 tomatoes, cut into small chunks (optional) | ¾ cup salsa | 4 garlic clove, chopped (optional) | salt and pepper to taste","Bring pot of water to a boil. Add green beans and simmer until tender. Drain. | In another pan, heat butter or margarine. Fry onions and garlic until brown. | Add green beans, tomatoes, and salsa to onion mixture. | Add salt or pepper to taste.",recipe/GB-202/photo1.jpg
14203,GREENBEAN,Potato Salad with Green Beans,Ensalada de Papa con Ejotes,6,15 minutes,15-20 minutes,"3 cups potatoes, peeled and cut into medium cubes | ½ onion, thinly sliced (optional) | 3 cups of green beans, cut into 2 inch pieces | ½ cup finely chopped celery (optional) | Dressing: | ¼ cup low-fat mayonnaise, mixed with 1 small spoon mustard | salt and pepper, to taste","In a pot, put the potatoes, pinch of salt, and enough water to cover the potatoes. | Bring to a boil. Lower the heat and cook until the potatoes are tender, 7-10 minutes. | Remove potatoes with slotted spoon, dry them on a towel. | Add the green beans to the pot of hot water (where the potatoes were cooked) and cook until tender, 4-5 minutes. Drain and dry. | In a bowl, combine the dressing and all the other ingredients. | Mix gently to spread dressing. | Refrigerate until ready to serve.",recipe/GB-203/photo1.jpg
14204,GREENBEAN,Crock Pot Green Bean and Potato Casserole,"Guiso de Ejotes y Papas en una Olla Eléctrica Tipo ""Crock Pot""",6-8,20 minutes,3 hours,"6 cups green beans, cut in half | 2-3 potatoes, peeled and thinly sliced | 1 onion, chopped | 3-4 strips of bacon, cut into small pieces (optional) | pinch of pepper | 1 can low-fat cream of chicken or cream of mushroom soup","Spray the pot with cooking spray or lightly grease with butter or oil. | Heat a frying pan and add the bacon. Cook 4-5 minutes until starting to brown. | Pour fat from the pan and add the onions. Cook for 3-4 minutes, until soft. | Combine potatoes, green beans, onion, bacon (optional), soup, and pinch of pepper in the pot. | Cover and cook on High for 3 hours.",recipe/GB-204/photo1.jpg
14205,GREENBEAN,Green Bean Soup,Sopa de Ejotes,4-6,20 minutes,20 minutes,"1 medium onion, chopped | 4 cups of green beans, cut into small pieces | ½ small spoon of salt | 2 cloves of garlic chopped finely (optional) | 2 large spoons flour | 1 cup non-fat sour cream | salt, pepper, or favorite seasonings to taste","Heat oil in pot. Add onions and cook until brown, stirring occasionally. | Add beans, salt, and garlic to pot and stir together with onions for 2 minutes. | Add water to 1 inch over the top of the mixture. | Bring to a boil, and then reduce to a simmer. Cook for 12-14 minutes or until beans are soft. | Combine flour and sour cream in a bowl. Stir in several large spoons of hot liquid from the soup pot to warm the sour cream mixture. | Add the sour cream mixture to the soup, stirring thoroughly. | Bring mixture to a simmer and stir over heat for another 2 minutes. | Add salt, pepper, and favorite seasonings to taste.",recipe/GB-205/photo1.jpg
14206,GREENBEAN,Boiled Green Beans,Ejotes Hervidos,1 handful per person,5 minutes,5-6 minutes,green beans (1 handful per person) | water | pinch of salt | lemon juice or other seasonings (optional) | toasted nuts (optional),"Wash the beans and cut off the ends. | Boil lightly salted water in a pot. | Drop the green beans into the pot of boiling water. | Cook uncovered for 4 to 5 minutes until just tender. Remove from the heat and drain. | Sprinkle with lemon juice or other seasonings. | To toast nuts, heat oven or counter top oven to 350 degrees. Put nuts on a metal tray, stir frequently with a fork. Watch to make sure that the nuts do not burn. | Sprinkle toasted nuts on the cooked green beans. | Another option is to cool the cooked beans by rinsing them with cold water. Then you can add the green beans to a salad.",img/BoiledGreenBeans.jpg
14207,GREENBEAN,Steamed Green Beans,Ejotes Cocidos al Vapor,1 handful per person,5 minutes,5 minutes,green beans (1 handful per person) | water | lemon juice or other seasonings (optional) | toasted nuts (optional),"Wash the beans and cut off the ends. | Put the beans into a steamer basket over boiling water. | Cover the pan loosely and steam about 5 minutes, until just tender. | Sprinkle with lemon juice or other seasonings. | To toast nuts, heat oven or countertop oven to 350 degrees. Put nuts on a metal tray, stir frequently with a fork. Watch to make sure that the nuts do not burn. | Sprinkle toasted nuts on the cooked green beans. | Another option is to cool the cooked beans by rinsing them with cold water. Then you can add the green beans to a salad.",recipe/GB-207/photo1.jpg
14208,GREENBEAN,Microwaved Green Beans,Ejotes en Horno de Microondas,1 handful per person,5 minutes,4-5 minutes,green beans (1 handful per person) | water | lemon juice or other seasonings (optional) | toasted nuts (optional),"Wash the beans and cut off the ends. | Place green beans in a microwavable dish with ¼ cup of water. | Cover with plastic or waxed paper. | Cook on high for about 4-5 minutes, until just tender. | Sprinkle with lemon juice or other seasonings. | To toast nuts, heat oven or countertop oven to 350 degrees. Put nuts on a metal tray, stir frequently with a fork. Watch to make sure that the nuts do not burn. | Sprinkle toasted nuts on the cooked green beans. | Another option is to cool the cooked beans by rinsing them with cold water. Then you can add the green beans to a salad.",recipe/GB-208/photo1.jpg
14209,GREENBEAN,Fried Green Beans,Ejotes Fritos,1 handful per person,5 minutes,10 minutes,"green beans (1 handful per person) | water | garlic (half a peeled clove per person); sliced thinly (optional) | 1 large spoon of vegetable oil | salt, pepper, other seasonings (optional)","Wash the beans and cut off the ends. | Boil water in a pot. | Drop the green beans into the pot of boiling water. | Cook for 3 to 4 minutes; beans should remain crisp. | Remove quickly from the heat and drain the water. Put beans in a bowl of ice water to stop the cooking; drain again. | When ready to serve, put oil in a pan, heat to moderately high, and add the garlic and stir for a minute or two. | Then, add the cooked beans; stir for 2-3 minutes. | Season with salt or pepper or other seasonings during cooking.",recipe/GB-209/photo1.jpg; recipe/GB-209/photo2.jpg
14211,GREENBEAN,Roasted Green Beans,Ejotes Asados,1 handful per person,10 minutes,15 minutes,"green beans (1 handful per person) | 1 clove garlic per handful, peeled and sliced thickly (optional) | 1 large spoon of vegetable oil | salt, pepper, other seasonings","Preheat oven to 400 degrees. | Wash the beans and cut off the ends. | Lightly coat a baking sheet with vegetable oil or non-stick cooking spray. | Toss the beans, garlic slices, and seasonings (to taste) in vegetable oil. | Spread on sheet in one layer. Cook for 10-15 minutes, turning several times. | Discard any overcooked slices of garlic.",recipe/GB-211/photo1.jpg
14212,GREENBEAN,Stir-Fried Green Beans with Vegetables and Meat,Ejotes Fritos con Verduras y Carne,4,25 minutes,15 minutes,"green beans (one handful; all ingredients and proportions are up to you) | 3-4 large spoons of vegetable oil | chicken parts (or other meat) without skin or bones, cut into pieces the size of a finger | pinch of pepper, salt, or other seasonings | soy sauce | Optional Vegetables: | broccoli pieces | bell pepper, top cut off, insides and seeds removed, sliced into strips | onion, peeled and sliced thinly | garlic cloves, peeled and sliced thinly | any other vegetables","Wash the beans and cut off the ends; cut the beans in half. | Prepare other vegetables, if used. | Sprinkle meat with pepper. | Heat large frying pan to very hot temperature, and add 1 large spoon of oil. | Place meat in pan. Stir constantly and remove quickly when browned; keep warm. | Add 2 large spoons of oil to pan. | Cook and stir onion and garlic (optional) until they begin to soften. Add green beans and your choice of other vegetables. | Sprinkle a little soy sauce onto mixture; scatter pinch of salt, pepper, and other seasonings (optional); cook mixture, stirring constantly, until tender, 5-7 minutes. | Return meat pieces and juices to pan. Stir and cook one minute.",recipe/GB-212/photo1.jpg
14213,GREENBEAN,Cold Green Bean and Tomato Salad,Ensalada de Ejotes Fríos y Jitomate,2-3,10 minutes,4 minutes,"green beans (1 handful) | 2 or 3 tomatoes, sliced into wedges | ½ onion, thinly sliced (optional) | 1-2 large spoons low-fat Italian dressing | pinch of pepper (optional)","Wash the beans and cut off the ends. Drop beans in boiling water and cook until just tender, 3-4 minutes. Drain and place in ice water to stop cooking; drain again. | Put vegetables into a bowl. Add Italian dressing and pinch of pepper. Mix thoroughly. | Cover and refrigerate for at least 1 hour.",recipe/GB-213/photo1.jpg; recipe/GB-213/photo2.jpg
14214,GREENBEAN,Green Beans and Carrots,Ejotes y Zanahorias,2-3,10 minutes,10 minutes,"green beans (1 handful) | 2 carrots, cut into rounds | 1 onion, cut into wedges (optional) | 1-2 large spoons margarine or butter | pinch of salt, pepper, or other seasonings, such as garlic powder (optional)","Wash the beans and cut off the ends. | Bring pot of water to boil (enough to cover vegetables);drop carrots into water and simmer (just below boiling) for 8-10 minutes, covered. | Then, add green beans and cook for 3-4 minutes. | Drain; mix thoroughly with margarine or butter and seasonings.",recipe/GB-214/photo1.jpg; recipe/GB-214/photo2.jpg
14215,GREENBEAN,Baked Green Beans and Vegetables,Ejotes y Verduras al Horno,4,10 minutes,35 minutes,"green beans (1 handful) | 1 bell pepper, seeds removed, cut into strips | 1 onion, cut into wedges | 2 large spoons margarine or butter | pinch of salt and pepper | shredded, low-fat cheese (optional)","Preheat oven to 350 degrees. | Wash the beans and cut off the ends. | Coat a baking dish with a little vegetable oil. | Toss vegetables with margarine or butter and a pinch of salt and pepper. | Bake vegetables for 30-35 minutes. | If you want, top with cheese for the last 5 minutes of baking. Do not freeze if you use cheese.",recipe/GB-215/photo1.jpg
14216,GREENBEAN,Green Beans with Tomatoes and Onions,Ejotes con Jitomates y Cebolla,4,10 minutes,15 minutes,"green beans (2 handfuls) | 1 onion, chopped into pieces the size of your thumbnail | 2-3 cloves garlic, peeled and chopped into small pieces (optional) | 2 cups of canned, chopped tomatoes with juices | 1 large spoon of vegetable oil | pinch of pepper or other seasonings","Wash the beans and cut off the ends; boil, steam, or microwave the beans. | Heat the oil in a pan and add the onions. Cook until onions soften. Add garlic and cook for another 3-4 minutes, stirring occasionally. | Add green beans, tomatoes, and seasonings; mix thoroughly. | Cover and cook for 5 minutes.",recipe/GB-216/photo1.jpg
14217,GREENBEAN,Sweet and Sour Green Beans,Ejotes Agridulces,4,5 minutes,10 minutes,"green beans (2 handfuls) | 2 large spoons vegetable oil | 1 onion, peeled, cut into wedges | 2-3 garlic cloves, peeled and chopped (optional) | 3 large spoons vinegar | 2 small spoons sugar | pinch of salt and pepper","Wash the beans and cut off the ends; steam, boil, or microwave the beans. | In a dish, combine vinegar and sugar and stir with a fork to mix. | In a frying pan, heat vegetable oil and add the onions; cook until onions soften. | Add the garlic and cook for another 3-4 minutes, stirring occasionally. | Add the green beans to the pan, along with vinegar mixture and seasonings; cook, stirring, for 1-2 minutes.",recipe/GB-217/photo1.jpg
14218,GREENBEAN,Chicken with Green Beans and Vegetables,Pollo con Ejotes y Verduras,6,15 minutes,15 minutes,"green beans (4 handfuls) | 4 chicken breasts, off the bone | 1 onion, peeled and sliced | 2-4 cloves garlic, peeled and sliced or chopped (optional) | 3-4 zucchini or other soft-skinned squash, ends cut off and cut into rounds as thick as a pencil (optional) | 5-6 mushrooms, cut into wedges (optional) | 2-3 large spoons vegetable oil | 1-2 large cans of diced tomatoes or whole tomatoes cut into halves | salt, pepper, or other seasonings","Wash the beans and cut off the ends; steam, boil, or microwave the beans. | Remove chicken from the bone; cut into pieces the size of your finger or thumb; sprinkle pieces all over with salt and pepper. | In a large frying pan, heat the oil and add chicken pieces; cook and stir until they are no longer pink, 2-3 minutes. | Then add onion, garlic squash, and mushroom, with a pinch of salt and pepper. Stir often until vegetables soften. | Stir in tomatoes and enough juices for the moistness you want; bring to a boil, reduce heat, and simmer uncovered for 5 minutes; stir a couple times. | Stir in cooked green beans; cook another minute.",recipe/GB-218/photo1.jpg
14219,GREENBEAN,Green Beans with Barbeque Sauce,Ejotes con Salsa Estilo Barbacoa,4,15 minutes,25 minutes,green beans (4 handfuls) | 1 onion (optional) | 3 large spoons barbecue sauce | 1 large spoon vegetable oil,"Preheat oven to 350 degrees. | Wash the beans and cut off the ends. | Peel onion, cut off both ends, cut into wedges. | In a large frying pan, heat vegetable oil and add the onion. | Cook the onion until soft and lightly browned, 5-10 minutes. | Add green beans and barbecue sauce; stir 2-3 minutes. | Place mixture in a baking dish; bake for 15-20 minutes.",img/Green_Beans_with_BBQ_Sauce.jpg
14220,GREENBEAN,Mustard Chicken with Green Beans,Pollo a la Mostaza con Ejotes,2,5 minutes,30 minutes,"2 chicken breasts, on the bone | 2 large spoons mustard | 2 small spoons of honey | 2 handfuls of green beans, one per serving | pepper and salt | 4 sheets of aluminum foil (each about 8 inches x 8 inches in size)","Preheat oven to 375 degrees. | Wash the beans and cut off the ends. | Mix mustard, honey, and 2 pinches of pepper. | Wash chicken pieces. Trim extra fat and ribs, and discard. Pat pieces dry and lightly sprinkle chicken pieces with salt and coat with mustard mixture. | Put each chicken breast on a sheet of aluminum foil. | Put a handful of green beans on top of each piece of chicken. | Place second sheet of foil on top; bring foil sides together and crinkle all sides creating a packet with room at the top for circulation. | Place packets on top of baking sheets and bake for approximately 30 minutes. | Also can be made with chicken thighs and drumsticks; cook for 35-40 minutes.",recipe/GB-220/photo2.jpg; img/MustardChickenAndGreenBeans.jpg
15214,ONION,Greens and Onions,Verduras y Cebollas,4,10 minutes,5-8 minutes,"3 large spoons of vegetable oil | 1 large onion, thinly sliced | 1 pound of greens (spinach, chard, kale, mustard, collard, or turnip) | 1 large spoon lemon juice | salt and pepper (optional)","Heat oil in large frying pan. | Add onions and stir until brown. | Add greens and stir for just a minute or two, until greens are soft. | Add lemon juice and stir. | Remove from heat and add salt or pepper, to taste.",recipe/ON-214/photo1.jpg
15215,ONION,Microwaved Potatoes and Onions,Papas y Cebollas en el Microondas,4-6,10 minutes,15 minutes,"6 medium potatoes, peeled and cut into slices the width of a pencil | 2 onions, peeled and cut into slices the width of a pencil | ½ cup butter or margarine | salt and pepper (optional)",Layer potatoes and onions in a microwave dish. | Add a pinch of salt or pepper. | Add butter or margarine on top. | Cover and microwave at normal setting for 15 minutes; stop every 5 minutes and stir.,recipe/ON-215/photo1.jpg
15216,ONION,Bok Choy and Onions,Repollo Chino (Bok Choy) y Cebollas,4-6,10 minutes,8-10 minutes,"4 baby bok choy | 2 medium onions, chopped | 1 cup green beans, cut into one-inch pieces (optional) | 1-2 small spoons soy sauce | salt or pepper (optional) | vegetable oil or cooking spray","Cut the white part of the bok choy into one-inch pieces. | Coarsely chop the green part of the bok choy. Keep the white and the greens separate. | Heat a pan and add a small amount of oil or spray with vegetable oil. | Cook the bok choy white stems, onions, and green beans over medium high heat for 6-7 minutes. | Add bok choy greens and cook one minute longer. | Add soy sauce and stir several times. Season to taste.",recipe/ON-216/photo1.jpg
15218,ONION,Boiled Onions,Cebollas Hervidas,2-4,5 minutes,10-20 minutes,2 onions | water | salt or pepper to taste,"Boil a pot of water, enough so that the onions will be covered. | Cut the ends off and peel the onions. | Cut onions into halves. | Boil onions for 10-20 minutes, until tender. | Drain the water. | Season with salt and pepper to taste.",recipe/ON-218/photo1.jpg
15219,ONION,Sweet and Sour Onions,Cebollas Agridulces,4-6,10 minutes,60 minutes,"4 large or 6 medium onions | ½ stick of butter or margarine, melted | 4 large spoons vinegar | 4 large spoons boiling water | 4 large spoons sugar","Grease medium-sized baking dish with small amount of margarine or butter. | Slice onions and arrange in the baking dish. | Mix the melted margarine or butter with vinegar, boiling water, and sugar. Pour this mixture over the onions. | Bake at 300 degrees for 1 hour, stirring several times during baking.",recipe/ON-219/photo1.jpg
15220,ONION,Noodles with Fried Onions,Cebollas Fritas con Fideos,4-6,5 minutes,30-40 minutes,"6 medium onions, sliced | 3 large spoons vegetable oil | noodles for 4-6 people | 4 large spoons chicken or vegetable broth | handful of fresh parsley (optional) | parmesan cheese to taste (optional) | pepper (optional)","Heat oil and add onions to frying pan. | Cover pan and cook on low heat for 20 minutes or until onions are soft. | Cook noodles according to package. | Remove pan cover and turn heat up to medium. | Add broth to pan and stir. | Cook until most of the liquid is gone and onions are brown, 5-10 minutes. | Add parsley and pepper (optional) and stir. | Pour over noodles and add parmesan cheese to taste.",recipe/ON-220/photo1.jpg
15221,ONION,Cucumber and Onion Salad,Ensalada de Cebolla y Pepino,2-4,10 minutes,Refrigerate 8 hours,"1 cucumber, sliced thin | ½ onion, sliced thin | 1 large spoon vinegar | 2 ½ large spoons water | 2 large spoons sugar | pinch of salt and pepper (optional)","Slice cucumbers and onions. | Mix vinegar, water, sugar, salt and pepper. Add mixture to cucumbers and onions. | Cover tightly with plastic wrap or store in airtight containers. Refrigerate 8 hours.",recipe/ON-221/photo1.jpg
15222,ONION,Honey-Baked Onions for the Microwave,Cebollas Enmieladas al Microondas,4-6,5 minutes,6-8 minutes,2 large onions | 1 large spoon honey | 2 small spoons butter or margarine,"Melt butter on stove top or in microwave and mix with honey. | Peel onions, cut and half, and place cut side up on a microwave safe dish. | Pour honey mixture over the onions. | Cover with wax paper, lid, or plastic wrap. | Microwave on high for 6-8 minutes, stopping every few minutes to spoon juices over the onions and to rotate dish.",recipe/ON-222/photo1.jpg
15223,ONION,Honey-Baked Onions,Cebollas Enmieladas al Horno,4-6,5 minutes,60 minutes,2 small spoons butter or margarine | 1 large spoon honey | 2 large onions,"Preheat oven to 375 degrees. | Melt butter or margarine in a small pan. Add honey to the butter or margarine and mix together. | Peel the onions and cut in half. | Place, cut side up, in a baking dish that has been lightly coated with oil or non-stick spray. Or, you can line the dish with foil. | Pour the honey mixture over the onions. | Bake for 60 minutes, turning onions over twice.",img/HoneyBakedOnions.jpg
15224,ONION,Vegetable and Onion Stir-Fry,Verduras y Cebollas Sofritas,4,10 minutes,20 minutes,"1 large onion, sliced | 2 carrots, chopped | 1 medium zucchini, sliced (optional) | 1 celery stalk, chopped (optional) | 1 bell pepper, sliced (optional) | 2 large spoons vegetable oil | 1-2 garlic cloves, chopped | salt and pepper to taste | any cooked meat, cut into pieces (optional) | rice (optional)","Heat the oil in a large frying pan. Add the carrots and onions. Keeping the heat at medium to high, cook and stir the vegetables for about 5 minutes. | Add the garlic and the rest of the vegetables, any combination you want. If the pan is not big enough to hold all of the vegetables, you can cook them one at a time then mix together. | Cook until the vegetables are soft and slightly crunchy. You may add a spoonful of water to help them cook faster. | Add cooked meat and stir for 1 minute (optional). | Add salt and pepper to taste. | Serve on rice, cooked according to package.",recipe/ON-224/photo1.jpg
15225,ONION,Onion and Chicken Bake,Cebolla y Pollo al Horno,4-6,5 minutes,45-50 minutes,"4 chicken breasts, cut into pieces | 2 onions, sliced thickly | 2 garlic cloves, chopped (optional) | 2 large spoons vegetable oil | 1 large carrot, peeled and cut into thumb size pieces (optional) | 2-3 zucchini, cut into thick slices (optional) | about ½ can chicken broth | salt and pepper","Pre-heat oven to 350 degrees. | Season chicken pieces with salt and pepper. | Coat inside of baking dish with oil. | Arrange chicken pieces skin side up (or you may remove skins), and bake for 15 minutes. | Combine onions, garlic, carrots and zucchini with oil in a bowl. Sprinkle with a pinch of salt and pepper and toss to coat. | Add vegetables and half the chicken broth to the baking dish with chicken pieces. | Cover tightly with foil and bake for 30 minutes. | Uncover, add remaining chicken broth, and bake uncovered 5-10 minutes longer, or until chicken juices run clear when you poke pieces with a knife.",recipe/ON-225/photo1.jpg
15226,ONION,Baked Onions and Potatoes,Cebollas y Papas Horneadas,4-6,10 minutes,60 minutes,2-3 large onions | 2 potatoes | 1 large spoon vegetable oil or margarine | salt and pepper (optional),Preheat oven to 350 degrees. | Peel and slice onions into small pieces the size of the end of your thumb. | Wash potatoes and leave the skins. Cut potatoes into pieces the size of your thumb. | Toss onions and potatoes in a bowl with oil or melted margarine and a pinch of salt and pepper. | Spread onions and potatoes on an oiled baking pan or pan lined with foil. The vegetables should be in a single layer. | Cover with foil and bake for 50 minutes. | Remove foil and bake another 10 minutes until brown.,recipe/ON-226/photo1.jpg
15228,ONION,Fried Onions,Cebollas Fritas,4-6,5 minutes,10-15 minutes,"2-3 large onions | 2 large spoons vegetable oil, margarine, or butter | 2 garlic cloves, peeled and sliced (optional) | salt and pepper (optional)","Peel and chop or slice onions. | Add salt and pepper to taste (optional). | Heat frying pan on low. Add oil, butter or margarine to pan (Note: Butter or margarine provide more flavor than oil. If using butter or margarine, add 1 large spoon of oil to prevent butter from burning). | Add onions to pan. | Cook on low heat and stir constantly. | Cook until lightly browned for about 10 to 15 minutes. Add garlic. The longer the onions cook, the sweeter they get.",recipe/ON-228/photo1.jpg
15229,ONION,Steamed Onions,Cebollas al Vapor,4-6,5 minutes,5-12 minutes,"5 medium onions, peeled and sliced | water | salt, pepper, or other favorite seasonings (optional)","Bring 1 inch of water in a pot to boil. | Place steamer basket in the pot and put sliced onions in basket. | Cover, cook for 5 to 12 minutes (the thicker the slices, the longer they need to be steamed). | Remove onions from steamer, drain. | Season with salt, pepper, or other favorite seasonings.",recipe/ON-229/photo1.jpg
15230,ONION,Microwaved Onions,Cebollas en Horno de Microondas,4-6,3 minutes,5-7 minutes,"5 medium onions, cut into large pieces | 2 large spoons water or broth | salt, pepper, or other favorite seasonings (optional)","Put onion pieces in a microwavable dish. | Add water or broth. | Cover dish with a lid or wax paper. | Cook for 5 to 7 minutes turning dish once during cooking. | Add salt, pepper, or other favorite seasonings.",recipe/ON-230/photo1.jpg
15231,ONION,Crock Pot Onions,"Cebollas en Olla Eléctrica Tipo ""Crock Pot""",6-8,15 minutes,8 hours,"5-6 onions, sliced | 3 large spoons butter or margarine, melted | 1 teaspoon salt","Combine onions, butter or margarine, and salt in a CrockPot. | Cover and cook on low for 8 hours. | Serve as a side dish with any other vegetables, meat, or fish.",recipe/ON-231/photo1.jpg
15232,ONION,Spicy Onions in Lime Juice,Cebollas Picantes en Jugo de Limón,6-8,10 minutes,Refrigerate 8 hours,"½ cup lime juice | ½ cup orange juice | 3 large red or brown onions, sliced | 1-2 small spoons of salt","Mix lime juice and orange juice in a bowl. | Place the onions in a glass or ceramic bowl. Cover the onions with boiling water and wait 30 seconds. | Drain the onions thoroughly. | Return the onions to the bowl and pour on the juices and stir in the salt. | Cover. Let the onion mixture sit in the refrigerator for 8 hours. | Before serving, drain the onions.",recipe/ON-232/photo1.jpg
15233,ONION,Baked Onion Rings,Anillos de Cebolla al Horno,3-4,15 minutes,16 minutes,"2 large onions | ½ cup flour | 2-3 eggs, lightly beaten | 1 cup bread crumbs (seasoned, or add pinches of salt and pepper to plain bread crumbs) | 1 large spoon vegetable oil","Preheat oven to 450 degrees. | Coat a cookie sheet with vegetable oil. | Slice the onions as wide as your finger, and separate into rings. | In one bowl, place the flour. Put eggs in a second bowl. Place bread crumbs in a third bowl. | Coat all the onion rings lightly with flour, to dry them. | Dip each ring individually in egg mixture, to coat. Then coat with bread crumbs. Pat so the crumbs will stick to all surfaces. Spread rings out on a plate. | Heat the oiled cookie sheet in the oven for 4-6 minutes. | Carefully, pull sheet out, place onion rings onto heated sheet, making sure none are touching. Bake for 8 minutes. | Remove sheet, turn rings over, and bake for another 8 minutes.",recipe/ON-233/photo1.jpg
16202,POTATO,Crock-Pot Beef and Potato Stew,"Estofado de Carne y Papa en Olla Tipo ""Crock-Pot""",8-10,45 minutes,4 hours,"2 pounds beef stew meat, cut into same-size chunks | 3 large spoons vegetable oil | 1 onion, chopped (optional) | 3 stalks of celery or 3 peeled carrots, or both, chopped (optional) | 4 potatoes, peeled and cut into medium chunks | pinch of salt and pepper | pinch of garlic powder (optional) | 1 can condensed tomato soup or 2 cans tomato sauce | water","Brown beef in oil in a frying pan. | Add onions and celery or carrots (optional) and cook until tender. | Mix meat, onion mixture, and potatoes in a large bowl. | Add the tomato soup and a soup can of water to the mixture and mix well. | Add seasonings and stir. | Put mixture into the CrockPot. | Cook on high for 4 hours.",recipe/PO-202/photo1.jpg
16203,POTATO,Potato Pancakes,Tortitas de Papa,4,20 minutes,10 minutes,"2 medium potatoes, peeled and grated, squeezed dry in a towel | 3 green onions, finely chopped | 1 egg, beaten lightly | 1/3 cup breadcrumbs or flour | 4 large spoons of vegetable oil | pinch of salt and pepper | Sauce: | 1 clove garlic, chopped finely | 1 green onion, finely chopped | 4 large spoons low-salt soy sauce | 2 large spoons white vinegar | pinch of sugar","Mix grated potatoes, green onions, egg, and breadcrumbs (or flour) in a bowl. | Form into patties. | Heat a large spoon of oil in a frying pan; when hot, cook patties on each side, about 5-10 minutes turning once. They should be lightly browned. | Drain the patties on paper towel. | For dipping sauce, combine garlic, green onion, soy sauce, vinegar, and sugar in a dish, and mix well.",recipe/PO-203/photo1.jpg
16204,POTATO,Boiled Potatoes,Papas Hervidas,1 potato per person,5 minutes,15-20 minutes,"1 potato per person | water | salt, pepper, seasonings (optional)","Wash potatoes under cold water. | Cut the potatoes into medium-sized chunks, the width of your thumb. | Fill a pot with cold water and add potatoes. Bring to a boil. | Cover loosely and cook for 15 minutes. | Test the potatoes with a fork to make sure they are soft, but not falling apart. | Drain the potatoes. | Add salt, pepper, or other seasonings. | You can also mash the cooked potatoes and season to taste.",recipe/PO-204/photo1.jpg
16205,POTATO,Baked Potatoes,Papas Horneadas,1 potato per person,5 minutes,45-60 minutes,"1 potato per person | salt, pepper, seasonings (optional) | non-fat, plain yogurt or salsa (optional) | vegetable oil (optional)","Set the oven temperature to 400 degrees. | Wash potatoes under cold water. Stick the potatoes all over with a fork or sharp knife. | Bake for 45 minutes to 1 hour, or until soft. | Lightly coating the potato with vegetable oil before cooking will make the potato skin crispy. | Add seasonings or other toppings, if desired. | You can also mash the cooked potatoes and season to taste.",recipe/PO-205/photo1.jpg
16206,POTATO,Microwaved Potatoes,Papas al Horno de Microondas,1 potato per person,5 minutes,5-7 minutes,"1 potato per person | salt, pepper, seasonings (optional) | non-fat, plain yogurt or salsa (optional)","Wash potatoes under cold water. Stick the potatoes all over with a fork or sharp knife. | If cooking only one potato, place it in the center of the microwave on a paper towel. | Microwave one potato on high power for 5 minutes or more, turning the potato once during cooking. Remove and let stand for about 2 minutes. | If cooking more than one, place the potatoes at least one inch apart. | Cook two potatoes for about 12 minutes; three potatoes for about 15 minutes; four potatoes for about 18 minutes. Cook until soft. Remove potatoes from the microwave and let stand for about 2 minutes before serving. | Add seasonings or other toppings, if desired. | You can also mash the cooked potatoes and season to taste.",recipe/PO-206/photo1.jpg
16208,POTATO,Smashed Potatoes,Puré de Papas,4-6,15 minutes,20-25 minutes,"3-4 potatoes (peeled or unpeeled) | 4-6 cloves of garlic, peeled (optional) | ½ cup low-fat plain yogurt, or low-fat buttermilk, or low-fat milk (optional) | salt, pepper, herbs, chopped chives, green onion (optional)","Wash potatoes under cold water. | Cut potatoes into medium-size chunks. | Fill a pot with cold water and add potatoes. Add a couple of pinches of salt and garlic. Bring to a boil and cook until soft, 15-20 minutes. | Drain the potatoes and garlic. | Use a potato masher or large fork to mash the potatoes and garlic together. | Add yogurt or buttermilk or milk, if you like. | Season with a pinch of salt and pepper, chopped chives, green onion, or other seasonings. | Do not freeze leftovers if you add yogurt, buttermilk, or milk.",img/PO-207.jpg
16209,POTATO,Potatoes Baked with Cheese,Papas Horneadas con Queso,2,5 minutes,60 minutes,"2 medium potatoes | ½ cup shredded, low-fat cheese | ¾ cup low-fat milk | vegetable oil | salt, pepper, or other seasonings (optional)","Wash potatoes under cold water. | Slice unpeeled potatoes into ¼ inch thick slices. | Lightly coat a baking dish with vegetable oil. | Lightly toss potato slices with oil and seasonings. | Place potatoes in baking dish, using two layers if needed. | Sprinkle with cheese, between layers and on top. | Add milk so that it barely covers the potatoes. | Bake in 350 degree oven until soft, about one hour.",recipe/PO-209/photo1.jpg
16210,POTATO,Potato Salad,Ensalada de Papa,4-6,10 minutes,15-35 minutes,"4 potatoes, washed | ½ cup chopped onion | ½ cup chopped celery | 2 eggs, hard boiled and peeled (optional) | ½ cup low-fat mayonnaise or low-fat, plain yogurt | 1 large spoon mustard | salt or pepper, to taste (optional)","Boil or microwave whole potatoes until soft; let potatoes cool and cut them into chunks; sprinkle with salt or pepper, to taste. | Chop onions and celery. | Cook eggs in almost boiling water for 15 minutes; cool under cold running water, peel, and chop. | In a bowl, mix potatoes with onion, celery, and eggs. | Combine mayonnaise or yogurt with mustard, to make dressing. | Add dressing to the potato mixture and stir until all ingredients are coated. | Refrigerate before serving.",recipe/PO-210/photo1.jpg
16211,POTATO,Potato and Corn Chowder,Crema de Papa y Elote,4-6,10 minutes,40 minutes,"3 medium potatoes | 2 onions, chopped | 4 celery stalks, chopped (optional) | 3-4 cloves of garlic, chopped (optional) | 1 large spoon vegetable oil | low-fat milk or chicken broth (optional) | 1 can of corn or a package frozen corn (thawed) | pinch of salt and pepper | 4 large spoons of flour","Wash potatoes under cold water. | Peel and slice the potatoes as thick as a pencil. | Put oil in pot on low heat. Add potatoes, onions, celery, and garlic. Sprinkle with flour and cook for 5 minutes, until vegetables are soft. | Add water to cover the vegetables and bring to a boil. | Boil until potatoes begin to fall apart, about 20 minutes. | Add a can of corn (drained), or a small package of frozen corn (thawed). | Milk or broth may be added. | Season with salt and pepper.",recipe/PO-211/photo1.jpg; recipe/PO-211/photo2.jpg
16213,POTATO,Crispy Twice-Cooked Potatoes,Papas Crujientes Cocidas al Doble,1 potato per person,10 minutes,30-40 minutes,1 potato per person | 2 large spoons of vegetable oil | salt and pepper (optional),"Wash potatoes under cold water. | Peel the potatoes and cut into slices, thick as a pencil. | Bring about 1 inch of water to a boil in a pot. | Place a steamer in the pot and place the potatoes in the steamer loosely. | Cover the pot loosely and steam for 12-15 minutes. | Heat the oil in a pan; transfer potatoes to pan, sprinkle with seasonings, and cook, turning often until crispy and golden brown.",recipe/PO-213/photo1.jpg
16214,POTATO,Steamed Potatoes,Papas Cocidas al Vapor,1 potato per person,5 minutes,20 minutes,"1 potato per person, peeled or unpeeled | water | salt or pepper or other seasonings (optional)","Wash potatoes under cold water. | Cut the potatoes into slices, as thick as a pencil. | Bring about 1 inch of water to a boil in a pot. | Place a steamer in the pot and place the potatoes in the steamer, loosely. | Cover the pot loosely and steam for 15-20 minutes, or until tender. | Season with salt or pepper to taste, or use other seasonings. | You can also mash the cooked potatoes and season to taste.",recipe/PO-214/photo1.jpg
16215,POTATO,Oven Roasted Potatoes with Vegetables,Papas Asadas al Horno con Verduras,1 potato per person,10 minutes,55-60 minutes,"2 potatoes | 3 large spoons vegetable oil | onions, carrots, garlic, other root vegetables, or a combination of vegetables | salt, pepper, or other seasonings","Preheat oven to 350 degrees. | Wash potatoes under cold water. Cut into medium-sized chunks. | Peel onions and cut into wedges. Cut other vegetables into chunks. | Toss vegetables with 2 large spoons of oil, a pinch of salt and pepper, and other seasonings. | Coat the inside of a baking dish with 1 large spoon of oil. | Bake for 55 minutes to 1 hour or until tender, turning several times; to reduce time, cut potatoes into smaller pieces. | Add unpeeled garlic cloves (tossed in oil and seasonings) halfway through cooking, if you wish.",recipe/PO-215/photo1.jpg
16216,POTATO,Potatoes with Cooked Spinach or Greens,Papas con Espinacas o Berzas Cocidas,4-6,10 minutes,40 minutes,"4 potatoes | 1-2 bunches of spinach or other greens | 2 large spoons of oil | 1-4 cloves garlic, peeled and sliced (optional) | 2 tomatoes, chopped into small pieces (optional) | salt or pepper or other seasonings | ground beef, turkey, o pork (optional)","Wash potatoes thoroughly. | Fill a pot with cold water and a couple pinches of salt. Bring to a boil. Add whole potatoes and cook for about 25 minutes, until tender. | Drain potatoes and cut them into chunks. | To cook the spinach or greens, drop leaves into a large pot of boiling water and cook 1-2 minutes. Drain. | Add oil to a large frying pan and cook garlic for just 1 minute. Add potatoes and cook until slightly brown. Add tomatoes and cooked greens to the pan. | Add ground meat and cook until browned, stirring occasionally (optional). | Cook over medium heat for 5-10 minutes, until mixed and heated. | Add seasonings to taste.",recipe/PO-216/photo1.jpg
16217,POTATO,Potatoes and Chili,Papas y Chili,2-3,15 minutes,20-50 minutes,"3 potatoes | 1 can chili, fat-free, if possible | salsa or hot sauce (optional) | low-fat shredded cheese (optional) | chopped onion (optional)","Bake the potatoes in the oven, microwave, or toaster oven until soft. | Cool potatoes and cut into cubes. | Mix the potatoes and the chili together; add salsa or hot sauce, if desired. | Heat in 350 degree oven for 15-20 minutes, or in the microwave on high for 5 minutes until hot. | Top with cheese, onion, or other extras (optional).",recipe/PO-217/photo1.jpg
16218,POTATO,Potatoes Topped with Beans and Salsa,Papas Rematadas con Frijoles y Salsa,1 potato per person,5 minutes,20-50 minutes,"1 potato per person | 1 can beans (black, pinto, or kidney beans) | 1 jar salsa | low-fat sour cream or low-fat, plain yogurt (optional) | Shredded cheese (optional)","Bake the potatoes in the oven, microwave, or toaster oven. | Drain can of beans and combine with an equal amount of salsa. Put in a saucepan and heat until warm. | Serve the bean-salsa mixture over the potato. | Top with sour cream, yogurt, or shredded cheese.",recipe/PO-218/photo1.jpg
16219,POTATO,One-Dish Potatoes and Baked Chicken,Papas y Pollo al Horno - Todo un Platillo,4,15 minutes,35 minutes,"2-3 potatoes | 2-3 large spoons vegetable oil | 4 chicken breast halves, without bone (remove skin, if you wish) | 1 cup shredded cheese, any kind | 1 cup salsa or chopped tomatoes | salt, pepper or other favorite seasonings (optional)","Preheat oven to 425 degrees. | Line a baking dish with aluminum foil. | Cut potatoes into slices as thick as a pencil; pat dry and toss potatoes lightly with 1-2 large spoons of oil and a pinch of salt, pepper, or other favorite seasonings. | Spread the potatoes in the baking dish and bake for 12 minutes. | Remove pan from the oven and move the potatoes to the sides of the dish. | Rub chicken breasts with a 1-2 large spoons of oil and a pinch of salt or pepper or other seasonings; place chicken in the baking dish. | Bake for 20 minutes or until the chicken is no longer pink inside. | In a small bowl, combine the cheese with salsa or chopped tomatoes; sprinkle this mixture over the cooked chicken. | Bake for another 5 minutes or so, until the cheese is melted.",img/OneDishPotatoesChicken.jpg; recipe/PO-219/photo1.jpg
16220,POTATO,"Potato, Meat, and Corn Casserole","Guiso de Papa, Carne y Elote",4-6,30 minutes,50 minutes,"4 potatoes | milk | 1 large spoon of vegetable oil | 1 onion, chopped | 3-4 cloves of chopped garlic (optional) | 2 pounds ground beef, turkey or pork | 2 cans of cream-style corn | salt and pepper or other seasonings","Preheat oven to 350 degrees. | Peel potatoes and steam or boil them. | Mash potatoes, adding salt, pepper, or seasonings and a bit of milk, so that the potatoes will spread easily. | Heat oil in a pan, cook onion and garlic for 2-3 minutes. | Add meat and brown for 3-5 minutes. Drain the fat, and place mixture in bottom of a greased baking dish. | Cover the meat mixture with the corn. | Spread the mashed potatoes on top of the corn. | Bake 30 minutes at 350 degrees, or until the potatoes are light brown.",recipe/PO-220/photo1.jpg
17202,ROOTVEGETABLE,Mashed Potatoes with Turnips (or Rutabagas or Parsnips),Puré de Papas con Nabos (o Colinabos o Pastinacas),3-4,10 minutes,10-20 minutes,"2 turnips or 2 rutabagas or 3-4 parsnips, peeled and cut into small pieces | 1-2 large spoons butter or margarine | 1 potato, peeled and cut into small pieces | 1 cup shredded cheese or ¼ cup plain yogurt, (optional) | salt, pepper, or favorite seasonings, to taste","Place the pieces in a steamer basket and steam for about 10-15 minutes or drop the pieces into boiling water and cover, simmering for approximately 5-8 minutes, until tender when pierced with a fork. | When pieces are soft enough to mash, place them in a bowl and blend with a potato masher. Add butter or margarine, cheese, yogurt, and seasonings. Add small amounts of water or low-fat milk if mixture is too thick. | Do not freeze if you add milk, cheese, or yogurt.",recipe/RV-202/photo1.jpg
17203,ROOTVEGETABLE,Boiled Turnips or Rutabagas or Parsnips,Nabos o Colinabos o Pastinacas Hervidos,2-3,5 minutes,5 minutes,"2 turnips or 2 rutabagas or 3-4 parsnips | water | salt, pepper, other favorite seasonings (optional)","Peel and cut off the ends of the turnips (or rutabagas or parsnips). Cut into chunks. | Drop the turnips (or rutabagas or parsnips) into boiling water, cover, and cook approximately 5-8 minutes, until soft. | Drain and season to taste.",recipe/RV-203/photo1.jpg
17204,ROOTVEGETABLE,Microwaved Rutabagas or Turnips or Parsnips,Colinabos o Nabos o Pastinacas Preparados en un Horno de Microondas,2-3,5 minutes,See below,"2 turnips or 2 rutabagas or 3-4 parsnips | 3 large spoons of water or broth | salt, pepper, other herbs or spices (optional)","Wash, peel and cut off the ends of the rutabagas or turnips or parsnips. | Cut vegetables into pieces and place in a microwavable dish with the water or broth. | Cover with plastic wrap and cook on high. | Rutabagas (in photo) cook 5 minutes; turnips cook 3 minutes; parsnips cook 3 minutes. | Season to taste.",recipe/RV-204/photo1.jpg
17205,ROOTVEGETABLE,Steamed Rutabagas or Turnips or Parsnips,Colinabos o Nabos o Pastinacas Preparados al Vapor,2-3,5 minutes,10-15 minutes,"2 rutabagas or 2 turnips or 3-4 parsnips | water | salt, pepper, other favorite seasonings (optional)","Peel and cut off the ends of the rutabagas (or turnips or parsnips). | Put water in a pot so that it does not touch the steamer basket. Bring water to a boil. | Cut rutabagas into pieces and place in a steamer basket. | Place the steamer into pot and cover loosely. | Cook on high for approximately 10-15 minutes, until tender. | Season with salt, pepper, other favorite seasonings (optional).",recipe/RV-205/photo1.jpg
17206,ROOTVEGETABLE,Baked Turnips or Rutabagas or Parsnips with Ginger,Nabos o Colinabos o Pastinacas con Jengibre al Horno,4,15 minutes,35 minutes,"3 turnips (or 4 parsnips or 3 rutabagas or a combination) peeled and each cut into small chunks | 1 large spoon brown sugar | 3 small spoons butter or margarine, melted | 1 large spoon vegetable oil | 1 small spoon of fresh ginger, finely chopped","Preheat oven to 400 degrees. | Coat baking sheet with vegetable oil. | Combine melted butter or margarine, sugar, and ginger in a bowl. | Add turnips (or parsnips or rutabagas or a combination) to the butter or margarine mixture and toss. | Place on baking sheet and cook for 35 minutes or until tender, stirring every 15 minutes.",recipe/RV-206/photo1.jpg
17207,ROOTVEGETABLE,Maple Glazed Turnips or Rutabagas or Parsnips,Nabos o Colinabos o Pastinacas Glaseados con Miel de Maple (Arce),4,10 minutes,12 minutes,"4 turnips or 4 rutabagas or 6-8 parsnips (or a mixture of the vegetables) | 2 large spoons butter or margarine, divided | 3 large spoons maple syrup | ¼ small spoon ground cinnamon (optional) | salt and pepper | 2 small spoons fresh lemon juice (optional)","Wash and peel the turnips (or rutabagas or parsnips) and cut into bite-sized pieces. | Heat 1 large spoon of the butter or margarine in a frying pan over medium heat. | Add the maple syrup, cinnamon, salt and pepper and stir. | Add the vegetables and then add 2 large spoons of water. | Bring to a boil, cover, reduce heat to medium and steam until turnips are tender, about 7-8 minutes. | Uncover and continue to cook until the liquid has reduced and the turnip pieces are glazed with the syrup and spices, about 3 more minutes. | Add the remaining margarine along with the lemon juice. Shake the pan to coat the turnips evenly.",recipe/RV-207/photo1.jpg
17208,ROOTVEGETABLE,Roast Chicken with Parsnips (or Turnips or Rutabagas) in Mustard Sauce,Pollo Asado con Pastinacas (o Nabos o Colinabos) en Salsa de Mostaza,6,30 minutes,60 minutes,"6-8 parsnips (or 4-5 turnips or 4-5 rutabagas or a combination) peeled and cut into chunks | 2 onions, peeled and cut into wedges | 6-8 carrots, peeled and cut into chunks (optional) | 2/3 cup mustard | 2/3 cup vegetable oil | favorite herbs or spices (optional) | 1 roasting chicken, rinsed inside and out and patted dry | salt and pepper","Preheat oven to 375 degrees. Cook chicken and vegetables in two different pans. | Mix mustard, oil, and herbs or spices in bowl. | Rub chicken with pepper. Brush inside and out with half of mustard mixture. Place breast down in an oiled roasting pan and cook. | After 15 minutes, turn chicken on its back and continue roasting until done, about 1 hour total. | Meanwhile, brush another baking sheet with oil. | Toss onions, parsnips (or turnips or rutabagas), and carrots with remaining mustard mixture in bowl. | Spread vegetables on oiled baking sheet. | After chicken has been in the oven for 20-30 minutes, put vegetables in the oven and cook until tender and beginning to brown, turning once. Cook about 30-40 minutes total. | Transfer chicken to platter and serve with vegetables.",recipe/RV-208/photo1.jpg; recipe/RV-208/photo2.jpg
17209,ROOTVEGETABLE,Mixed Roasted Vegetables,Verduras Asadas Mixtas,4-5,20 minutes,25-30 minutes,"2 turnips, 2 parsnips, 2 rutabagas (or any combination of the vegetables), peeled and cut into bite-sized chunks | 1 onion, cut into bite-sized chunks (optional) | 2 carrots, peeled and cut into bite-sized chunks (optional) | 1 large spoon margarine or butter, melted | 1 large spoon vegetable oil | salt and pepper, to taste","Preheat oven to 400 degrees. Lightly coat a baking dish with cooking spray or oil. | Keep the parsnips in a separate bowl and mix with a little oil and melted butter or margarine and seasonings. | In another bowl, mix all of the other vegetables together with oil and melted butter or margarine and seasonings. | Place the rutabagas, turnips, and other vegetables into the baking dish and cook for about 10 minutes. | Add the parsnips to the baking dish and continue cooking for another 15 minutes, or until the vegetables are tender and brown. Stir once or twice, while cooking.",recipe/RV-209/photo1.jpg
17210,ROOTVEGETABLE,Turnips (or Rutabagas or Parsnips) with Green Beans and Peas,Nabos (o Colinabos o Pastinacas) con Ejotes y Chícharos,5-6,15 minutes,17-20 minutes,"2 turnips (or 3 parsnips or 2 rutabagas or a combination), cut into slices or chunks | ¼ cup vegetable oil | 2 large spoons vinegar | ½ small spoon salt | 1 pound slender green beans, trimmed, cut in half | 1 cup frozen peas, thawed | salt and pepper, to taste","Mix oil, vinegar, and salt in medium bowl to make a sauce. Set aside. | Bring a large pot of water to a boil. Add turnips (or rutabagas or parsnips) and cook about 10-12 minutes. Then, add green beans and cook an additional 3-4 minutes. Vegetables should be crisp. Drain. | Heat sauce in a large frying pan over low heat until warm. | Add turnips, beans, and peas. Toss until heated through and coated with sauce, about 5 minutes. | Season to taste with additional salt and pepper.",recipe/RV-210/photo1.jpg
17211,ROOTVEGETABLE,Mashed Rutabagas (or Turnips or Parsnips) with Garlic,Puré de Colinabos (o Nabos o Pastinacas) con Ajo,4-6,15 minutes,40 minutes,"5-6 parsnips or 3 turnips or 3 rutabagas, peeled and cut into small pieces | 1 head of garlic, unpeeled | ¼ cup plain non-fat yogurt (optional) | 23 large spoons butter or margarine, melted | 1 large spoon vegetable oil | salt or pepper, to taste","Preheat oven to 400 degrees. | Cut off tip of garlic head and discard. Place head in small baking dish, pour a little oil on the garlic, sprinkle with pepper, and bake for 40 minutes. Cool the garlic head. Squeeze the garlic into a small dish. | Drop rutabagas (or turnips or parsnips) into a pot of boiling water. Cook until very tender, about 10 minutes. Drain. | Combine vegetables in bowl with garlic, yogurt, butter or margarine, and salt or pepper. | Blend with a potato masher, or use an electric blender. Add small amounts of water or milk if mixture is too thick. | Do not freeze if you add yogurt.",recipe/RV-211/photo1.jpg; recipe/RV-211/photo2.jpg
17212,ROOTVEGETABLE,Beef with Rutabagas (or Turnips or Parsnips),Carne con Colinabos (o Nabos o Pastinacas),4-5,15 minutes,15-20 minutes,"2 rutabagas (or 2 turnips or 4 parsnips or a combination) peeled and cut into small cubes | 2 (¼-inch) slices of peeled fresh ginger root, finely chopped | 1 large spoon of vegetable oil | 1 pound boneless beef, cut into small cubes | ½ cup water | 1 large spoon soy sauce | 1 small spoon sugar | 2 pinches of salt | cooked rice or noodles (optional)","Cook ginger in oil over low heat for 1-2 minutes. | Add meat and cook over high heat 3-4 minutes and stir occasionally. | Add rutabagas (or turnips or parsnips), cook for 5-8 minutes, stirring occasionally. | Stir in water, soy sauce, sugar, and salt and bring to a boil for 1 minute. | Turn heat down to low and cook for 5 minutes. | Serve over rice or noodles (optional).",recipe/RV-212/photo1.jpg
17213,ROOTVEGETABLE,Potato and Turnip (or Rutabaga or Parsnip) Pancakes,Tortitas de Papas y Nabos (o Colinabos o Pastinacas),2,15 minutes,10 minutes,"1 potato, peeled and grated | 1 turnip (or 1 rutabaga or 2 parsnips), peeled and grated | 1 egg | 1/3 cup breadcrumbs or flour | 1 stalk green onions or 1 small onion, chopped (optional) | pinch of salt and pepper | 1 large spoon vegetable oil | applesauce, salsa, non-fat sour cream, or plain yogurt (optional)","Mix grated potato and turnips (or rutabagas or parsnips) together. | Squeeze in a paper towel to remove as much moisture as possible. | Add egg, breadcrumbs or flour, onion (optional), salt, and pepper and mix well. | Heat oil in a frying pan. | Form potato mixture into four tightly packed patties. | Cook patties on each side, about 5 minutes, turning once. They should be lightly browned. | Transfer to paper towels to soak up the excess oil. | Serve pancakes with applesauce, salsa, non-fat sour cream, or plain yogurt, if desired.",recipe/RV-213/photo1.jpg; recipe/RV-213/photo2.jpg
17214,ROOTVEGETABLE,Sweet and Spicy Rutabagas or Turnips or Parsnips,Colinabos Dulces y Picosos (o Nabos o Pastinacas),4,15 minutes,35 minutes,"3 rutabagas (or 4 parsnips or 3 turnips or a combination) peeled and cut into small chunks | 1 large spoon brown sugar | 3 small spoons butter or margarine, melted | pinch of salt | ½ small spoon crushed red pepper flakes (more or less, to taste) | vegetable oil","Preheat oven to 400 degrees. | Coat baking sheet with vegetable oil. | Combine melted butter or margarine, sugar, salt and pepper flakes in a bowl. | Add rutabagas (or parsnips or turnips or a combination) to the margarine mixture and toss. | Place on baking sheet and cook for 35 minutes or until tender, stirring every 15 minutes.",recipe/RV-214/photo1.jpg
17215,ROOTVEGETABLE,Crock Pot Turnip (or Rutabaga or Parsnip) Casserole,Guiso en Olla Estilo Crock Pot de Nabos (o Colinabos o Pastinacas),4-6,30 minutes,2 hours,"4 turnips (or 3-4 rutabagas, or 6-8 parsnips, or a combination) peeled and cut into small chunks | 1 egg, beaten | 1/3 cup crushed saltines or breadcrumbs | 2/3 cup evaporated milk | pinch of salt (optional) | pinch of pepper (optional) | 1 cup shredded cheddar cheese","Heat pot of water to boiling, add turnips (or rutabagas or parsnips or a combination) and cook until tender, about 15 minutes. | Drain turnips, mash, and drain off any excess liquid. | Stir in beaten egg, saltines, milk, salt and pepper, and cheese. Blend well. | Pour into a buttered or oiled CrockPot. Cook on high for 2 hours.",recipe/RV-215/photo1.jpg
17216,ROOTVEGETABLE,Stove-Top Fried Parsnips or Turnips or Rutabagas,"Pastinacas, Nabos o Colinabos Fritos al Sartén",2-3,15 minutes,20 minutes,"3 turnips (or 3 rutabagas or 4-6 parsnips or a combination), peeled and grated | 2-3 large spoons butter, margarine, or vegetable oil | 1-2 large spoons brown sugar | salt and pepper to taste","Heat butter, margarine or oil in a pan and fry the turnips (or parsnips or rutabagas or a combination) until they start to get soft. | Season with salt, pepper and brown sugar and continue cooking until tender.",recipe/RV-216/photo1.jpg
17217,ROOTVEGETABLE,Rutabaga (or Turnip or Parsnip) and Potato Soup,Colinabos (o Nabos o Pastinacas) y Sopa de Papa,8,20 minutes,40 minutes,"4 turnips (or 3 rutabagas or 4 parsnips or a combination), peeled and cut into chunks | 1 medium onion, chopped | 3 potatoes, peeled and cut into chunks | 1 sweet potato, peeled and cut into chunks (optional) | 2 large spoons butter or margarine | 3-4 cups vegetable broth or chicken broth | salt and pepper, to taste","Heat butter or margarine in the bottom of a large pot. Cook onions until soft. | Add turnips (or rutabagas or parsnips) and potatoes to pot. Add broth to 1 inch over the top of the mixture and cook for 15-20 minutes until tender. | If desired, mix in a blender or food processor and add a little more broth. | Season with salt and pepper to taste.",recipe/RV-217/photo1.jpg
17218,ROOTVEGETABLE,Parsnip (or Turnip or Rutabaga) Maple Soup,Sopa de Pastinaca (o Nabo o Colinabo) y Miel de Maple (Arce),4,20 minutes,60 minutes,"3 large spoons butter or margarine | 4 parsnips (or 4 turnips, or 3 rutabagas or combination) peeled and cut into small chunks | 2 medium onions, chopped | 2 cloves garlic, finely chopped (optional) | 3 cups chicken broth or vegetable broth | 1/3 cup maple syrup","Heat butter or margarine in the bottom of a large pot. | Add parsnips (or turnips or rutabagas or a combination), onions, and garlic and cook until onions are soft but not brown. | Add broth to cover vegetables. Simmer until vegetables are soft, about 30-40 minutes. | Remove from heat. Blend in a blender or food processor. | Stir in maple syrup.",recipe/RV-218/photo1.jpg
17219,ROOTVEGETABLE,Parsnip (or Rutabaga or Turnip) Tacos,Tacos de Pastinaca (o Colinabo o Nabo),6,40 minutes,20-25 minutes,"4 parsnips (or 3 turnips or 3 rutabagas or a combination) | 1 small spoon mustard | pinch of pepper | cooked chicken or meat (optional) | ½ can low-fat cream of mushroom soup | 2 green onions, chopped (optional) | 6 corn tortillas or taco shells | 1 large spoon vegetable oil | 2 large spoons butter or margarine | 1 cup shredded cheese, any kind | salsa (optional)","Preheat oven to 350 degrees. Lightly grease a baking dish. | Grate parsnips (or rutabagas or turnips or a combination) and squeeze water out in a towel. | Heat frying pan and add vegetable oil and butter or margarine. Add vegetables and cook for 15 minutes, on medium heat, until brown. | Combine soup, mustard, and pepper in a large bowl and mix well. | Add vegetables, meat (optional), green onions (optional), ½ cup of cheese. | Spoon some of the mixture into the center of a tortilla. Fold in sides of each tortilla. | Place in a greased baking dish. | Bake for 15 minutes. | Sprinkle with remaining cheese. Bake 5-10 minutes more. | Serve with salsa (optional).",recipe/RV-219/photo1.jpg; recipe/RV-219/photo2.jpg
17220,ROOTVEGETABLE,Orange-Flavored Parsnips (or Rutabagas or Turnips) and Carrots,Pastinacas (o Colinabos o Nabos) y zanahorias a la Naranja,4,15 minutes,15 minutes,"4 carrots, sliced | 4 parsnips (or 3 turnips or 3 rutabagas or a combination), sliced | ½ cup orange juice | 1 small spoon honey","Mix the orange juice and the honey in a pot. Bring the mixture to a boil over high heat. | Stir in the vegetables. | Bring to a boil again and simmer, covered, for 10-15 minutes. | Remove cover and continue cooking until the liquid thickens.",recipe/RV-220/photo1.jpg
17221,ROOTVEGETABLE,Sweet Baked Turnips (or Rutabagas or Parsnips) and Apples,Nabos Dulces (o Colinabos o Pastinacas) Horneados con Manzanas,4-6,30 minutes,60 minutes,"6 turnips (or 10 parsnips or 6 rutabagas or a combination) | 2 apples, sliced | 1/3 cup sugar | 1 small spoon cinnamon | ¼ cup flour | 1/3 cup brown sugar | 2 large spoons of butter or margarine","Preheat oven to 350 degrees. Lightly grease a baking dish. | Boil, steam, or microwave the turnips or parsnips or rutabagas. Drain and mash the vegetables. | Spread half of the mashed vegetables in the bottom of the baking dish. | Mix the cinnamon and sugar in a bowl. | Dip the apple slices in the cinnamon and sugar mixture and then place on the layer of mashed vegetables. | Spread the remaining mashed vegetables on top of the apples. | Mix flour, brown sugar and butter (or margarine) together until crumbly. | Sprinkle this flour mixture on top of the casserole. | Bake for 1 hour or until the top is crispy brown.",recipe/RV-221/photo1.jpg
18202,SWEETPOTATO,Boiled Sweet Potatoes,Camotes Hervidos,1 sweet potato per person,5 minutes,10 minutes,"sweet potatoes, cut into medium-sized chunks | water | salt, pepper, seasonings (optional)","Fill a pot with water. Add sweet potatoes to water and bring to a boil. | Cover loosely and simmer for 15 minutes. | Test the sweet potatoes with a fork to make sure they are soft, but not falling apart. | Drain the sweet potatoes. | Add salt, pepper, or other seasonings. | You can also mash the cooked sweet potatoes and season to taste.",recipe/SW-202/photo1.jpg
18203,SWEETPOTATO,Baked Sweet Potatoes,Camotes al Horno,1 sweet potato per person,5 minutes,45-60 minutes,"sweet potatoes | Toppings: | salt, pepper, seasonings (optional) | butter or margarine (optional) | non-fat, plain yogurt or salsa (optional) | vegetable oil (optional)","Heat the oven or counter top oven to 350 degrees. | Wash sweet potatoes under cold water. Stick the potatoes all over with a fork or sharp knife. | Bake for 45 minutes to 1 hour, or until soft. | Lightly coating the sweet potato with vegetable oil during cooking will make the potato skin crispy. | To serve, slit top of the cooked sweet potato and push ends toward each other. | Add seasonings or other toppings, if desired. (Yogurt cannot be frozen.) | You can also scoop out the insides of the cooked sweet potatoes, mash, and season to taste.",recipe/SW-203/photo1.jpg
18204,SWEETPOTATO,Microwaved Sweet Potatoes,Camotes al Microondas,1 sweet potato per person,2 minutes,3-7 minutes,"sweet potatoes | Toppings: | salt, pepper, seasonings (optional) | butter or margarine (optional) | non-fat, plain yogurt or salsa (optional)","Wash sweet potato under cold water. Stick the sweet potato all over with a fork or sharp knife. | Place the sweet potato in the center of the microwave on a paper towel or microwavable dish. | Cook on high power for 3-5 minutes, turning the sweet potato once during cooking. | Remove the sweet potato and let stand for about 2 minutes. | To serve, slit top of cooked potato and push ends toward each other. | Add seasonings or other toppings, if desired. (Yogurt cannot be frozen.) | You can also scoop out the insides of cooked sweet potatoes, mash, and season to taste. | If cooking more than one sweet potato: | Place the sweet potatoes at least one inch apart. | Cook two sweet potatoes for about 7 minutes; three sweet potatoes for about 10 minutes; four sweet potatoes for about 13 minutes. Cook until soft. | Remove sweet potatoes from the microwave and let stand for about 2 minutes before serving.",recipe/SW-204/photo1.jpg
18205,SWEETPOTATO,Steamed Sweet Potatoes,Camotes al Vapor,2-4,5 minutes,20 minutes,"2 sweet potatoes, peeled and cut into slices | butter or margarine to taste (optional) | salt or pepper or other seasonings (optional)","Bring about 1 inch of water to a boil in a pot. | Place a steamer in the pot and place the sweet potatoes in the steamer, loosely arranged. | Cover the pot loosely and steam for 15-20 minutes, or until tender. | Season with butter or margarine and salt or pepper to taste, or use other seasonings. | You can also mash the cooked sweet potatoes and season to taste.",recipe/SW-205/photo1.jpg
18206,SWEETPOTATO,Stir-Fry Sweet Potatoes,Camotes Saltados,4,10 minutes,15 minutes,"2-3 medium sweet potatoes, peeled and cut into pieces the size of your little finger | outer colored part of peel from one orange (optional) | 1 large spoon chopped garlic | 1 large spoon chopped ginger | 1 large spoon chopped greens from onion tops (optional) | cooked chicken pieces (optional) | Sauce: | ½ cup chicken broth or water | 2 large spoons soy sauce | 1 large spoon vinegar | 1 small spoon sugar | 2 large spoons vegetable oil | pinch of pepper","Combine broth or water, soy sauce, vinegar, sugar, 1 large spoon of oil, and pepper for sauce. Set aside. | Cut peel from orange, taking only the colored part. Chop into small strips. Set aside. | Heat 1 large spoon of oil in a frying pan that has a cover. | Add orange peel, garlic, ginger and sweet potatoes and cook for 23 minutes. | Add sauce. | Bring to a boil, then cook, covered over medium heat until potatoes are tender, 15-20 minutes. Stir often. | Add chicken and chopped green onions if desired.",recipe/SW-206/photo1.jpg; recipe/SW-206/photo2.jpg
18207,SWEETPOTATO,Baked Chicken with Peaches and Sweet Potatoes,Pollo al Horno con Duraznos y Camotes,4,15 minutes,60 minutes,"4 chicken breast halves, with the bone | 3 sweet potatoes, peeled and sliced thinly | salt and pepper | 2 medium onions, thinly sliced (optional) | ½ cup brown sugar, packed | 1 (16 ounce) can of peaches, drained (or 2 cups fresh peaches) | 1 large spoon orange juice or peach liquid from can | 2 cloves garlic, chopped (optional) | 1 large spoon margarine (optional)","Preheat oven to 375 degrees. | Rub chicken with salt and pepper. | Spray or oil baking dish and arrange chicken in one layer. | Scatter sweet potatoes, garlic and onions on chicken. | Sprinkle with salt and pepper. | Mix sugar and orange juice, drizzle over chicken and potatoes. | Bake uncovered 30 minutes, basting occasionally. | Add peaches on top and dots of margarine (optional). | Bake uncovered 30 additional minutes or more, basting occasionally, until potatoes are tender and chicken is cooked through.",recipe/SW-207/photo1.jpg; recipe/SW-207/photo2.jpg
18208,SWEETPOTATO,Sweet Potato Soup,Sopa de Camotes,8,15 minutes,25 minutes,"3 sweet potatoes or yams, peeled and cut into medium pieces | 1 onion, peeled and cut into small pieces | 1 small butternut squash, peeled and cut into medium pieces (optional) | 2-3 carrots, peeled and cut into small pieces | 2 cups water or broth | salt and pepper to taste",Place all vegetables in a pot. | Cover with water or broth. | Bring to a boil and continue cooking until vegetables are tender. | Mash vegetables until smooth using a large spoon or a potato masher. | Add salt and pepper to taste.,recipe/SW-208/photo1.jpg
18209,SWEETPOTATO,Crispy Sweet Potato Fries,"Camotes Crujientes estilo ""Papas Fritas"" a la Francesa",4,15 minutes,40 minutes,"4 medium sweet potatoes or yams | 1 large spoon vegetable oil | 1 large spoon margarine or butter, melted | pinch of black pepper | pinch of salt | 2-3 cloves garlic, chopped (optional)",Preheat oven to 400 degrees. | Cut potatoes into narrow wedges. | Coat a baking sheet with vegetable spray or vegetable oil. | Put the potatoes in a large bowl with garlic. | Add the oil and melted margarine or butter. Stir. | Add pepper and salt. | Place potatoes on baking sheet. | Bake for 20 minutes. | Turn over the potatoes and bake another 20 minutes or until brown and tender.,recipe/SW-209/photo1.jpg; recipe/SW-209/photo2.jpg
18210,SWEETPOTATO,Grandmother’s Roasted Sweet Potatoes,Camotes Asados al Horno al Estilo de la Abuela,4,15 minutes,30 minutes,"2 sweet potatoes or yams, peeled and cut into small chunks | 1 large spoon vegetable oil | 1 large spoon butter or margarine, melted | pinch of salt | pinch of pepper | 1 chopped onion (optional) | 1 carrot, cut into chunks (optional) | 4 garlic cloves, cut in half (optional)","Preheat oven to 400 degrees. | Mix potatoes, optional vegetables and garlic with the oil and melted butter or margarine, sprinkle with salt and pepper. Toss well. | Place the vegetables in a baking dish that has been coated with cooking spray or oil. | Place in oven and bake for 30 minutes.",recipe/SW-210/photo1.jpg
18211,SWEETPOTATO,Sweet Potato and Black Bean Salad,Ensalada de Camotes y Frijoles Negros,4-6,15 minutes,10 minutes,"1 sweet potato, peeled and cubed | 2 large spoons fresh lime or lemon juice | 2 large spoons vegetable oil | 1 small spoon mustard | salt and pepper to taste | 1 clove garlic, finely chopped | 3 to 4 stalks green onions, chopped (optional) | 1 (15 ounce) can black beans, rinsed and drained","Steam or boil sweet potatoes, until tender; drain and let cool. | Combine lime or lemon juice, oil, mustard, salt, pepper, and garlic in a bowl and stir. | Add sweet potato, onions, and beans. Stir well to coat.",recipe/SW-211/photo1.jpg
18212,SWEETPOTATO,Sweet Potato with Onions,Camotes con Cebollas,2-3,10 minutes,15 minutes,"1 sweet potato, boiled or steamed, sliced and cooled | 1 potato, boiled or steamed, sliced and cooled (optional) | 1 onion, sliced | 3 large spoons oil | salt or pepper or favorite seasoning, to taste","Place oil in pan. | Put onions in pan and cook until tender. | Add sweet potatoes, other potatoes and cook for a few minutes. | Add salt or pepper or favorite seasoning.",recipe/SW-212/photo1.jpg
18213,SWEETPOTATO,Mashed Sweet Potatoes and White Potatoes,Puré de Camotes y Papas Blancas,4,20 minutes,20 minutes,"2 sweet potatoes, peeled and cut into chunks | 2 white potatoes, peeled and cut into chunks | ¾ cup plain nonfat yogurt, at room temperature | 2 large spoons chopped fresh parsley (optional) | pinch of salt, to taste | pinch of pepper, to taste","Boil or steam potatoes until tender. | Drain potatoes and mash. | Add yogurt, parsley, salt and pepper and mix thoroughly.",recipe/SW-213/photo1.jpg
18214,SWEETPOTATO,Sweet Potatoes with Pineapple,Camotes con Piña,4-5,15 minutes,25 minutes,"3 sweet potatoes | ½ cup crushed pineapple, drained (more if you like) | 2-3 large spoons packed brown sugar | 3 large spoons butter or margarine | vegetable oil","Preheat oven to 350 degrees. Lightly grease a baking dish with vegetable oil or spray. | Peel the sweet potatoes and cut into cubes. | Fill a pot with water. Add sweet potatoes to water and bring to a boil. | Cover loosely and simmer for 10 minutes, or until tender, but not falling apart. | Drain the sweet potatoes and mix with the crushed pineapple, most of the brown sugar, and margarine or butter and put into the baking dish. | Bake for 20 minutes. | Sprinkle remaining brown sugar on top and broil for 5 minutes (optional).",recipe/SW-214/photo1.jpg
18215,SWEETPOTATO,Lemon Sweet Potatoes,Camotes al Limón,6-8,20 minutes,35 minutes,"4 sweet potatoes or yams, peeled sliced | 3 large spoons lemon juice | 1 small spoon salt | ½ stick butter or margarine, softened | lemons, sliced thin (optional)","Boil or steam potatoes until tender, drain. | Mash potatoes. | Stir in lemon juice, butter or margarine, and salt. | If topping with lemons, put mashed potatoes into a baking dish and top with lemon slices. | Cook at 350 degrees for 20 minutes or until heated through. | Cook under broiler for about 3-5 minutes, until top starts to brown (optional).",recipe/SW-215/photo1.jpg
18216,SWEETPOTATO,Crock Pot Sweet Potatoes,"Camotes en Olla Eléctrica ""Crock- Pot""",6,20 minutes,4-5 hours,"6 medium sweet potatoes, peeled and cut into 1inch cubes | 1 ½ cups applesauce | ½ cup packed brown sugar | pinch of ground cinnamon (optional) | 3 large spoons butter or margarine, melted",Place sweet potatoes in a CrockPot. | Mix remaining ingredients together in a bowl. Pour this mixture over the potatoes and stir gently. | Cover and cook on low heat 4-5 hours or until the sweetpotatoes are very tender. | Mix the sweet potatoes well before serving.,recipe/SW-216/photo1.jpg
18217,SWEETPOTATO,Spicy Sweet Potato Spears,Tiritas de Camote Picantes,8,15 minutes,40 minutes,"4 sweet potatoes, peeled and cut into strips | 2 large spoons vegetable oil | 1 small spoon chili powder or cayenne pepper, or to taste (optional) | 1 large spoon hot pepper sauce, or to taste (optional) | pinch of salt","Mix oil, chili powder or cayenne pepper and hot sauce together. | Add sweet potatoes and toss until well coated. | Spread potatoes onto a baking pan coated lightly with cooking spray or vegetable oil. | Bake at 400 degrees for 20 minutes, turn potatoes and bake another 20 minutes or until potatoes are tender and browned.",recipe/SW-217/photo1.jpg
18218,SWEETPOTATO,"Sweet Potatoes, Beans and Salsa","Camotes, Frijoles y Salsa",4,15 minutes,10 minutes,"2-3 sweet potatoes, peeled and cut into cubes the size of your thumbnail | 1 (15 ounce) can black beans, drained | ½ cup chunky salsa","Boil potatoes in lightly salted water for 10 minutes, or until tender. | Drain and cool. | Combine the beans, sweet potatoes and salsa. | Serve warm or cold.",recipe/SW-218/photo1.jpg
18219,SWEETPOTATO,Sweet Potato Salad,Ensalada de Camote,4,25 minutes,Refrigerate 2-4 hours,"2 sweet potatoes or yams | ¼ cup low-fat mayonnaise | ½ small spoon mustard | salt and pepper, to taste | 2 hard-boiled eggs, sliced (optional) | ½ cup finely chopped celery | 3 green onions, chopped","Boil or steam potatoes until potatoes can be pierced easily with a sharp knife. | Drain the potatoes and cool. | Peel the potatoes and cut into medium-sized chunks. | In a large bowl, combine the mayonnaise, mustard, salt, and pepper. | Add the eggs, celery, and green onions. | Add the potatoes and mix gently. | Cover and refrigerate for 2-4 hours.",recipe/SW-219/photo1.jpg; recipe/SW-219/photo2.jpg
19201,ZUCCHINI,Zucchini and Corn Fry,Fritada de Calabacitas y Maíz,2-4,10 minutes,20 minutes,"3 zucchini, cut into small chunks | 1 cup frozen or canned corn | 1 onion, thinly sliced | 1 large spoon butter, margarine, or vegetable oil | salt and pepper, to taste | ½ cup shredded cheese (optional)","Thaw frozen corn or drain canned corn. | Put butter, margarine, or oil in a frying pan. | Add onions and corn and cook until onions are clear, but not brown. | Add zucchini, salt, and pepper to taste. | Add about ½ cup of cold water and cover pan. | Cook on medium heat until vegetables are tender, just a few minutes. | Drain any excess water, then add cheese, mix, and cover until the cheese melts.",recipe/ZU-201/photo1.jpg
19202,ZUCCHINI,Zucchini Hamburger Pie,Guiso de Calabacitas y Carne Molida,6,15 minutes,45 minutes,"½ pound hamburger | 4 zucchini, sliced thick as a pencil | ½ cup green peppers, chopped (optional) | 1 small spoon fresh parsley, chopped (optional) | 1 small onion, chopped | ½ small spoon garlic salt (optional) | 2 tomatoes, peeled and sliced or an 8-ounce can whole tomatoes, sliced | ¼ cup dried breadcrumbs | ¼ cup parmesan cheese","Preheat oven to 350 degrees. | In a frying pan, brown hamburger, onion, green peppers, parsley, onion, and garlic salt. | In a baking dish, place layers of meat mixture and zucchini, then meat mixture and zucchini. | Top with tomato slices. | Mix breadcrumbs and Parmesan cheese together and put on top. | Bake at 350 degrees for 40 minutes. | Bake an additional 5 minutes at 450 degrees or broil for 1-2 minutes if you want a crispier top.",img/ZucchiniHamburgerPie.jpg
19204,ZUCCHINI,Zucchini Tomato Casserole,Guiso de Calabacitas con Jitomate,4,20 minutes,45 minutes,"3 zucchini, cut into slices | 3 tomatoes, thinly sliced or a can of tomatoes, drained | 1 onion, thinly sliced | ½ cup grated Parmesan cheese | butter, margarine, or vegetable oil | salt and pepper, to taste","Preheat oven to 350 degrees. | Lightly grease a casserole dish with butter, margarine, or oil. | Cover the bottom of the casserole dish with half the sliced tomatoes. | Add half the zucchini and onions. | Season with salt and pepper. | Sprinkle with half the Parmesan cheese. | Repeat layer using remaining vegetables. | Top off the casserole with remaining Parmesan cheese. | Bake uncovered for 45 minutes.",img/ZucchiniTomatoCassarole.jpg
19205,ZUCCHINI,Stuffed Zucchini,Calabacitas Rellenas,4,15 minutes,15 minutes,"2 zucchini, ends trimmed | 3 large, heaping spoons of breadcrumbs | 2 large spoons of bell pepper, chopped very small | 1-2 large spoons of grated Parmesan cheese | pinch of salt, pepper, or favorite seasonings | vegetable oil | any cooked meat, finely chopped (optional)","Preheat oven to 425 degrees. Lightly coat a baking sheet with oil. | Cut the zucchini in half lengthwise. With the tip of a spoon remove zucchini seeds and discard, leaving plenty of the zucchini in the shell. Cut a thin slice from the bottom of each zucchini piece to allow it to sit flat. | Rub the zucchini shells lightly with oil. | Mix together the breadcrumbs, bell pepper, cheese, and seasonings. And, meat, if you wish. | Pat the mixture into the zucchini shells. Top with more cheese, if desired. | Bake, uncovered, for 15 minutes or until brown.",recipe/ZU-205/photo1.jpg; recipe/ZU-205/photo2.jpg
19206,ZUCCHINI,Stove-Top Chicken with Zucchini and Tomatoes,Pollo con Calabacitas y Jitomates al Sartén,2,10 minutes,15 minutes,"2 boneless skinless chicken breasts | 2 zucchini, cut into strips | ½ cup mushrooms, sliced or cut into quarters (optional) | 2 small spoons vegetable oil | 1 can (14 ounces) diced tomatoes | salt or pepper (optional) | cooked noodles or rice (optional)","Cut the chicken breast pieces into strips, about the size of a finger. | Heat oil in a frying pan and cook chicken, stirring often, until brown on all sides, 3-5 minutes. | Add zucchini and cook until lightly browned, stirring occasionally, 5-7 minutes. | Add the mushrooms and tomatoes and mix well. Cook another 3-5 minutes. | Serve over noodles or rice, prepared according to the package.",recipe/ZU-206/photo1.jpg
19207,ZUCCHINI,Roasted Zucchini,Calabacitas Asadas,2,10 minutes,20 minutes,"2 zucchini, cut into slices | 1 large spoon vegetable oil | salt, pepper, or favorite seasonings","Preheat oven to 375 degrees. | Toss zucchini with a large spoon of vegetable oil and a pinch of salt, pepper, or favorite seasonings. | Spread the zucchini on a baking sheet. | Bake for 10 minutes and turn the zucchini. Bake another 10 minutes until brown.",recipe/ZU-207/photo1.jpg
19208,ZUCCHINI,Zucchini Burritos,Burritos de Calabacitas,4-6,10 minutes,25 minutes,"3-4 zucchini, cut into cubes | 1 bell pepper, cut into chunks | 6 tortillas | 1 large spoon vegetable oil | a pinch of chili powder (optional) | 1 clove garlic, chopped (optional) | 1 (8 ounce) can enchilada sauce | 1 cup cheese, shredded | cooked chicken or black beans (optional)","Preheat oven to 350 degrees. | Heat oil in a frying pan. Add garlic, zucchini, bell peppers and chili powder and any optional ingredients. | Fry the vegetables until tender, about 5-7 minutes. | Lightly oil a baking dish. | Put zucchini mixture on the tortillas and roll them up. | Place the tortillas in a baking dish and bake for 10 minutes. | Pour enchilada sauce, any extra zucchini mixture, and cheese over the tortillas and bake for 10 more minutes.",recipe/ZU-208/photo1.jpg
19209,ZUCCHINI,Zucchini Stuffing Side Dish,Relleno de Calabacitas como Plato Adicional,4,15 minutes,60 minutes,"3 zucchini, ends trimmed and cut into small chunks | ¼ cup onions, finely chopped | 1 cup of bread cubes or stuffing mix | ¼ cup grated Parmesan cheese | 1 large spoon garlic, chopped (optional) | salt, pepper, or favorite seasonings to taste | vegetable oil","Lightly coat a casserole dish with vegetable oil or spray. | Combine zucchini, onion, bread cubes or stuffing mix, cheese, garlic, and seasonings to taste and mix well. | Add a bit of vegetable oil, just enough to moisten the mixture. Mix well. | Cover and bake at 350 degrees for 55 minutes. | Let sit 5 minutes before serving.",recipe/ZU-209/photo1.jpg
19210,ZUCCHINI,Zucchini with Noodles,Calabacitas con Tallarines,4-6,10 minutes,20 minutes,"1 package (12 ounce) noodles | 3 zucchini, ends trimmed | 2 cloves garlic, finely chopped (optional) | 2 large spoons vegetable oil | ½ of 14 ½ ounce can diced tomatoes, undrained | salt and pepper, to taste | ½ cup grated Parmesan cheese","Cut zucchini lengthwise. Then cut crosswise into pieces that are pencil-wide. | Cook noodles according to directions on the package. | While noodles are cooking, heat a frying pan. Add vegetable oil, garlic, and zucchini and cook until tender, about 10 minutes. Stir occasionally. | Add tomatoes, salt, and pepper to zucchini and stir. | Bring to a boil, reduce heat, and simmer for 5 minutes, stirring often. | Once the noodles are cooked, drain, and stir into the zucchinitomato mixture. | Top with cheese.",recipe/ZU-210/photo1.jpg
19211,ZUCCHINI,Stove-Top Zucchini with Onions and Tomatoes,Calabacitas con Cebollas y Jitomates al Sartén,4-6,15 minutes,35 minutes,"4-5 zucchini, ends trimmed and thickly sliced | 1 onion, chopped | 1 clove garlic, crushed | 1 (14 ½ ounce) can diced tomatoes | 1 large spoon margarine or butter | salt and pepper, to taste","Melt the margarine or butter in a large fry pan. Cook the onion and garlic on medium for 3-7 minutes, until softened but not browned. | Add the tomatoes with their juice, bring to a boil, lower heat, and simmer for 10-15 minutes. | Add the zucchini to the sauce, cover tightly and simmer for 10-15 minutes, or until tender. | Stir in the seasoning to taste.",recipe/ZU-211/photo1.jpg
19212,ZUCCHINI,Sweet and Sour Zucchini Salad,Ensalada de Calabacitas Agridulces,6,15 minutes,None,"2 cucumbers, thinly sliced | 2 zucchini, thinly sliced | 1 small sweet onion, thinly sliced (optional) | 1/3 cup vinegar | ¼ cup sugar | ½ cup hot water | 1 small spoon salt | 1 small spoon pepper | 1 pinch red pepper flakes","In a dish, arrange cucumber, zucchini and onions in alternate layers. | Mix vinegar, sugar, and ½ cup hot water, until the sugar is dissolved. | Add salt, pepper, and crushed red pepper to vinegar mixture. | Add two ice cubes to the mix to chill it. | Pour dressing over vegetables and let sit at room temperature for 1 hour before serving. | Mix vegetables and dressing a couple of times while sitting at room temperature.",recipe/ZU-212/photo1.jpg
19213,ZUCCHINI,Boiled Zucchini,Calabacitas Hervidas,2,5 minutes,3-4 minutes,"2 zucchini, sliced thick as a pencil | vegetable oil (optional) | salt, pepper, or favorite seasonings (optional)","Put water to fill a pot halfway and bring to a boil. | Add the zucchini and boil until they are soft, about 3-4 minutes. | Drain the zucchini and toss with some vegetable oil and seasonings.",recipe/ZU-213/photo1.jpg
19214,ZUCCHINI,Stove-Top Parmesan Zucchini,Calabacitas con Queso Parmesano al Sartén,3,10 minutes,10 minutes,"3 zucchini, ends trimmed and cut into strips | 1 small spoon vegetable oil | pinch of lemon zest (optional) | pinch of salt and pepper | 1 large spoon Parmesan cheese","In large frying pan, cook zucchini in oil over medium heat for 4 minutes. | Sprinkle with lemon zest (optional), salt, and pepper. | Fry 4-5 minutes longer or until zucchini is crisp. | Remove from heat, and sprinkle with cheese.",recipe/ZU-214/photo1.jpg
19215,ZUCCHINI,Crock Pot Zucchini and Tomatoes,"Calabacitas con Jitomates en Olla Eléctrica ""Crock Pot""",6,15 minutes,4 hours,"3 cups zucchini, sliced | 1 ½ cups onions, chopped | 1 large spoon vegetable oil | 3 cups of canned diced tomatoes, with liquid | ¼ cup Italian salad dressing | 2 large spoons sugar","Heat oil in a frying pan and cook onions for 3-4 minutes. | Combine onions and all the other ingredients in the CrockPot and mix well. | Cover and cook on low for 4 hours. | Can serve over noodles or rice, prepared according to package.",recipe/ZU-215/photo1.jpg
19216,ZUCCHINI,Steamed Zucchini,Calabacitas Cocidas al Vapor,4,5 minutes,5-7 minutes,"4 zucchini, cut into chunks | salt, pepper, or other favorite seasonings","Place zucchini in a steamer basket. | Pour just enough water in a pot so that the water will not touch the bottom of the steamer basket. Bring water to boil. Place steamer basket in pot and cover. | Cook for 5-7 minutes or until zucchini are bright green and tender. | Drain and season with salt, pepper, or other favorite seasonings.",recipe/ZU-216/photo1.jpg
19217,ZUCCHINI,Zucchini and Tomato Salad,Ensalada de Calabacitas y Jitomate,4,15 minutes,None,"4 zucchini | 3 tomatoes | ¼ cup Italian salad dressing | garlic powder (optional) | salt, pepper, or favorite seasonings, to taste (optional)","Cut zucchini into chunks. | Bring a pot of water, with a pinch of salt, to a boil. Add zucchini pieces and cook for 3 minutes. Drain and immediately put pieces in a bowl of cold water and ice cubes to stop the cooking. Let cool and drain. | Cut tomatoes in half. Remove seeds. Cut into chunks. | Combine zucchini and tomatoes in a bowl. Add Italian salad dressing and mix vegetables to coat them. | Add garlic powder, salt, pepper, or favorite seasonings, to taste (optional), mixing well.",recipe/ZU-217/photo1.jpg
19218,ZUCCHINI,Microwaved Zucchini,Calabacitas al Microondas,2-3,10 minutes,6-8 minutes,"3 zucchini, ends trimmed and sliced into rounds | ½ cup onion, chopped (optional) | 1 large spoon margarine or butter, melted (optional) | ¼ small spoon garlic powder (optional) | salt, pepper or favorite seasonings, to taste (optional) | water","Put zucchini and onion into a microwave-safe bowl, with 2 large spoons of water. | Microwave on high for 6-8 minutes, stirring every 2 minutes. | Season with garlic powder, salt, pepper, or other optional seasonings, to taste. Blend in melted margarine or butter, if you wish.",recipe/ZU-218/photo1.jpg
19220,ZUCCHINI,Country Zucchini Casserole,Guiso de Calabacitas Estilo Rústico,3-4,15 minutes,45 minutes,"2 cup zucchini, chopped | ¼ cup chopped onion (optional) | ½ cup shredded cheese | 2 eggs | 5 large spoons Bisquick | salt and pepper, to taste","Preheat oven to 350 degrees. Lightly grease a casserole dish with vegetable oil or spray. | Mix the eggs and the Bisquick together in a large bowl. | Add the zucchini, onions, and cheese. Mix. | Add salt and pepper to taste. | Put into a casserole dish and bake 45 minutes.",recipe/ZU-220/photo1.jpg; recipe/ZU-220/photo2.jpg
19221,ZUCCHINI,Zucchini Soup,Sopa de Calabacitas,4-6,15 minutes,35 minutes,"4 cups sliced zucchini | 2 onions, chopped | 2 large spoon cooking oil | 1 clove garlic (optional) | 2 cups low-salt chicken broth | salt and pepper, to taste (optional)","In a pot, heat vegetable oil. | Add chopped onions and garlic and cook until the onions are soft. | Add the zucchini and mix together. | Add the chicken broth and bring to a boil. Simmer until zucchini is soft, 15-20 minutes. | Mix with a potato masher or blender. | Season with salt or pepper to taste. | This soup can be served hot or cold.",recipe/ZU-221/photo1.jpg
19222,ZUCCHINI,Crispy Zucchini Chips,"Totopos (""Chips"") de Calabacitas Crujientes",4,20 minutes,25 minutes,"2 cups zucchini, sliced thick as a pencil | ¼ cup breadcrumbs | ¼ cup Parmesan cheese | pinch of seasoning salt, garlic powder, and pepper (optional) | 1 egg, beaten | vegetable oil or cooking spray","Preheat oven to 425 degrees. | Coat a wire rack lightly with vegetable oil or cooking spray. | Combine breadcrumbs, Parmesan cheese, seasonings and mix well. | Place egg in a shallow bowl. | Dip zucchini slices in the egg, and then in the breadcrumb mixture. Cover the zucchini on both sides with the breadcrumb mixture. | Place zucchini slices on the wire rack and put the wire rack on a baking sheet. | Bake for 25-30 minutes, or until brown and crispy.",recipe/ZU-222/photo1.jpg
19223,ZUCCHINI,Zucchini and Sprout Stir Fry,Calabacitas y Brotes de Soya Sofritas,4,15 minutes,8-9 minutes,"4 zucchini, cut in half and sliced into strips | 1 onion, sliced (optional) | 6 ounces bean sprouts | 1 tomato, diced (optional) | ¼ pound ground meat or 2 chicken breasts, cut into small chunks (optional) | 1/3 cup chicken broth | soy sauce, to taste | 2 cloves garlic, chopped fine (optional) | 2 large spoons vegetable oil | cooked rice (optional)","Heat oil in a frying pan and brown meat or chicken over medium heat, about 3-5 minutes. | Add onions and garlic and cook about 2 minutes. | Add chicken broth and soy sauce and mix well. | Add zucchini and bean sprouts and cook 2 minutes. | Add tomato and cook 1 minute. | Serve with rice, prepared according to package.",recipe/ZU-223/photo1.jpg
19224,ZUCCHINI,Chicken and Vegetable Enchilada Casserole,Guiso de Pollo y Verduras Estilo Enchilada,6-8,25 minutes,35 minutes,"2 cups shredded, cooked chicken or cooked ground beef, or cooked ground turkey | 1 large spoon of oil | 2-3 zucchini, diced | 1 onion, diced (optional) | 1 can black beans (optional) | 1 can corn | 2 ½ cups enchilada sauce (or less, to taste) | 6-12 tortillas, depending on size | 3 cups low fat shredded cheese (about 12 oz.) | low fat sour cream (optional)","Preheat oven to 350 degrees. | In a pan, heat oil over medium heat. Add zucchini and onion and cook until tender, about 8-10 minutes. Add meat, corn and beans and mix well. | In a 9"" x 13"" baking dish, spread ½ cup of enchilada sauce. | Then, place a layer of tortillas, overlapping, if needed. Add the vegetables/meat mix. Add half of the cheese. | Spread about 1 ½ cup of enchilada sauce on top of the cheese. | Add another layer of tortillas. Spread the remaining enchilada sauce evenly on top of the tortillas. | Bake for 20-25 minutes. Remove from oven and top with remaining cheese. Bake for another 5-10 minutes or until cheese is melted and golden brown. | Top with sour cream (optional).",img/Zucchini-3-2012-Photo1.jpg; img/Zucchini-3-2012-Photo2.jpg
,BROCCOLI,"Broccoli, Corn, Rice, and Chicken/Meat Combo","Combinación de Brócoli, Elote, Arroz y Pollo/Carne",4,10 minutes,40 minutes (Cooking time will be less with instant rice).,"1 cup un-cooked rice (brown or white) | 1 can creamed corn (14-15 oz.) | 1 head of broccoli, cut into pieces (see “Cutting Tips""), about two cups | Any cooked meat or cooked chicken, 1-2 cups (optional) | Low-fat grated cheese (optional)","Cook rice according to instructions on the package. | Cook the broccoli pieces (steam, boil, or microwave). | Mix together broccoli, corn, rice, and meat. | If desired, warm mixture on stove top or in 350 degree oven for 5 minutes. | Top with grated cheese and, if desired, place under broiler until cheese melts. (optional)",img/Broccoli-6-2012-Photo.jpg
,BROCCOLI,"Broccoli, Meat, and Noodles Casserole","Guisado de Brócoli, Carne, y Fideos",4-6,10 minutes,15 minutes,"1-2 heads of broccoli, cut into bite-size pieces (see ""Cutting Tips"") | 3-4 cloves of garlic, chopped into small pieces (optional) | 4 large spoons of vegetable oil | 1 package of noodles | salt, pepper or red pepper flakes (optional) | cooked meat or chicken, cut into small pieces | other cooked vegetables (optional) | low-fat shredded cheese, any kind (optional)","Boil noodles according to the directions on the package and drain. Save a cup of the boiling water. | Cook the broccoli pieces (steam, boil or microwave). The broccoli should be a bright green and still firm. Test with a fork. | Heat the oil in a pan over medium heat, add garlic (optional) and stir until garlic starts to soften. | Add the broccoli to the pan and stir together. Add a pinch of salt, pepper or red pepper flakes (optional). | Add any other cooked vegetables and cooked meat/chicken. Add noodles, and some of the boiling water for desired consistency. | Serve this way, or with shredded cheese as a topping.",img/Broccoli-8-2012-Photo.jpg
,BROCCOLI,Broccoli Stir-Fry with Meat or Chicken,Saltado de Brócoli con Carne o Pollo,3-6,12 minutes,10 minutes,"1 head of broccoli, cut into pieces (see ""Cutting Tips"") | 2 large spoons of vegetable oil | 2 large spoons of water or broth | 4 cloves of fresh garlic, chopped (optional) | meat or chicken, cut into small pieces | other chopped vegetables, such as carrots, celery, onions, bell peppers or zucchini (optional) | salt and pepper, to taste | low-sodium soy sauce (optional) | Cooked rice or noodles (optional)","In a bowl, combine meat or chicken with 1 large spoon of oil, salt, pepper, soy sauce (optional) and mix well. | Heat 1 large spoon oil in a pan until hot. | Add meat or chicken and stir constantly until browned, about 2-3 minutes. Put meat/chicken on a plate. | Add broccoli and any other vegetables to the pan. | Add water or broth. Cover and cook until vegetables are tender, 3-6 minutes, depending on vegetables. | Add meat to the pan and stir for another 1-2 minutes. | Serve over rice or noodles (optional).",img/Broccoli-9-2012-Photo1.jpg; img/Broccoli-9-2012-Photo2.jpg
,ZUCCHINI,Crustless Zucchini Pie,Pay/Tarta de Calabacitas sin Corteza,4-6,20 minutes,30 minutes,"1 tablespoon vegetable oil | 1 onion, chopped | 4 cups zucchini, thinly sliced | 5 eggs, beaten | 3 cups shredded cheese | pinch of salt, pepper, or other favorite seasonings | Any cooked meat or other cooked vegetables (optional)","Preheat oven to 375 degrees. Lightly grease a 9-inch baking dish. | Heat oil in a large frying pan over medium-high heat. Add onions and zucchini and cook until tender, stirring occasionally. Drain. | In a large bowl, combine eggs, cheese, salt, pepper, or other seasonings. Add zucchini/onion mix and blend well. Add meat. | Scoop into prepared pie pan. | Bake until eggs have set, about 30 minutes. Let cool for 10 minutes before serving.",img/Zucchini-4-2012-PCversion.jpg
,BROCCOLI,Broccoli and Cheese Soup,Sopa de Brócoli y Queso,4-6,25 minutes,20-25 minutes,"2 bunches of broccoli, florets and stems | 2 large spoons of butter or margarine | 3 medium size potatoes, peeled and cut into 1-inch pieces or | 1 large onion, peeled and chopped into 1-inch pieces | Pinch of salt and pepper | 3 cups chicken or vegetable broth | 1 large spoon flour | 2 hands-full of spinach (optional) | 1 cup shredded cheddar cheese","Cut broccoli florets and stems into small pieces (see cutting tip). | Heat butter, a cup of the broth, and flour in a large pot over medium-high heat. Stir briefly to mix. Add broccoli, potatoes, onion, salt, and pepper. Stir frequently for about 12 minutes. | Add 2 cups broth. Bring to a boil and reduce to simmer. Cover and cook until all vegetables are soft, at least 20 minutes, stirring once or twice. | Stir in spinach and cook until wilted, 1-2 minutes. | Transfer mixture to blender or food processor, add cheese, and blend until smooth. You can add more broth or water while blending to get the soup to the consistency that you want.",img/Broccoli-4-2012.jpg
,BROCCOLI,Microwave Broccoli and Beef,Brócoli en Horno de Microondas con Carne,4,45 minutes,10 minutes,"3 large spoons soy sauce | 1 large spoon lemon juice | 2 small spoons cornstarch | 1 lb. round steak, cut in thin strips | 1 head broccoli, chopped | 1 onion, peeled and chopped (optional) | 1 clove garlic, peeled and minced (optional) | 1 bell pepper, cut into strips (optional)","In a microwaveable dish, mix soy sauce, lemon juice, and cornstarch. Add steak strips and stir to coat all pieces. Cover and refrigerate for 30 minutes. | Drain beef and save the liquid. | Mix beef with broccoli, onion, and garlic in the microwaveable dish. Cover and microwave on high 6-8 minutes, stirring after 4 minutes, until beef is no longer pink. | Stir in bell pepper and the saved liquid. Cover and microwave 2-3 minutes on high, or until liquid is slightly thickened. | Serve with rice or noodles, cooked according to package directions.",img/Broccoli-12-2012.jpg
,BROCCOLI,Broccoli Burritos,Burritos con Brócoli,4-6,15 minutes,30-35 minutes,"1 head broccoli, chopped | 1 bell pepper, cut into chunks (optional) | 1 clove garlic, chopped (optional) | 6 tortillas (9 inch tortillas) | 1 large spoon vegetable oil | a pinch chili powder (optional) | 1 can (8 oz.) enchilada sauce | 1 cup cheese, shredded | 1 cup cooked meat (optional) | ½ cup black beans or other canned beans (optional)","Preheat oven to 350 degrees. Lightly oil a baking dish. | Heat oil in a frying pan, and add broccoli, bell pepper, garlic, and chili powder. | Fry the vegetables until tender, about 5-8 minutes. | Add cooked meat or beans (optional). | Put broccoli mixture on the tortillas and roll them up. | Place the tortillas in the baking dish and bake for 15 minutes. | Pour enchilada sauce, any extra broccoli mixture, and cheese over tortillas and bake for 10 more minutes.",img/Broccoli-11-2012.jpg
,BROCCOLI,Tortilla Pizza with Broccoli,Pizza de Tortilla con Brócoli,Depends on size of tortillas,10 minutes,10-20 minutes,tortillas | tomato or other pasta sauce | vegetable or meat toppings | shredded cheese,"You can use any size tortilla to make this pizza. You can vary the amount of sauce, toppings, and cheese. | Heat oven to 425 degrees. Put tortilla on a baking sheet. | Spread sauce evenly across the tortilla, leaving ½ inch around edges. | Spread toppings on sauce. Sprinkle with cheese. | Bake in oven for 10-15 minutes, until cheese is bubbling and edges of the tortilla are lightly browned.",img/Tort_Pizza_with_Brocc.jpg
,CABBAGE,Cabbage and Beef Soup,Sopa de Repollo/Col y Carne,4,10 minutes,40-50 minutes,"1 large spoon vegetable oil | ½ pound ground beef | ½ onion, chopped | 3 cups cabbage, chopped | 1 (16 oz.) can red kidney beans, drained | 1½ cup water | 1½ cups tomato sauce | 2 beef bouillon cubes, broken into small pieces | ½ package of Chili Seasoning (optional) | Salt and pepper, to taste","In large pot, heat oil over medium heat and add beef and onions. Cook until meat is browned. Drain excess liquid. | Add remaining ingredients to pot and stir. Make sure that the bouillon pieces are dissolved. | Cover and cook over low-med heat for 30-40 minutes, stirring occasionally. If the soup is too watery, remove lid and simmer to reduce liquid to desired thickness.",img/Cabbage-7-2012.jpg
,CABBAGE,Microwave Cabbage and Pork Chops,Repollo/Col y Chuletas de Puerco en Horno de Microondas,4,15 minutes,35 minutes,"vegetable oil or cooking spray | 3 cups chopped cabbage | 1 apple, sliced | 4 (3 ounce) pork chops | 1 can reduced-sodium, beef broth | 2 small spoons honey (optional)","Lightly coat 8x8-inch microwavable glass baking dish with oil or cooking spray. | Place half of the cabbage in the baking dish. Sprinkle half of the apple slices over the cabbage. Place the pork chops in the dish. Place the remaining cabbage in the dish. Top with the remaining apple slices. | Pour broth over meat and vegetables. Cover with waxed paper and microwave on high for 20-30 minutes. Turn casserole dish every 7 or 8 minutes. | Remove dish from microwave and let sit, covered, for 5 minutes. | Drizzle each serving with a few drops of honey (optional).",img/Cabbage-9-2012.jpg
,CABBAGE,Stuffed Cabbage,Repollo/Col Relleno,4,40 minutes,60 minutes,"1 head of cabbage | 1 pound ground beef, chicken, or pork | 1 small spoon of vegetable oil | 1 can (15 oz.) mixed vegetables, drained (optional) | 1 cup cooked rice | ¼ cup onion, chopped (optional) | 1 egg, beaten | 3 garlic cloves, chopped (optional) | 1 can (10 ¾ oz.) tomato soup | salt, pepper, or favorite seasonings","Preheat oven to 350 degrees. | Combine oil, onions, and garlic in a frying pan and cook on medium until tender, 3-5 minutes. Add meat and brown. Drain and transfer to a large bowl. | Add vegetables, cooked rice, egg, and 2-3 large spoons of tomato soup. Add pinches of salt and pepper or favorite seasonings. Stir thoroughly. | Bring a large pot of lightly salted water to a boil. | Cut out the entire stem of the cabbage. Carefully peel 8 leaves from the cabbage head. | Add leaves to boiling water and cook for 2-3 minutes, until tender. Cook just 3-4 leaves at a time, to avoid overcooking. Drain leaves and pat dry. Cut and discard the white center stem from each leaf. | Divide meat mixture into 8 portions. Place each leaf with stem end toward you, and place a portion of the mixture so that you can roll the leaf away from you, tucking in the sides to make a small stuffed roll. Use a toothpick to keep each roll together. | Place rolls in a casserole dish. Spread remainder of tomato soup on top. | Cover with aluminum foil and bake for 45 minutes.",img/Cabbage-5-2012-prep1.jpg; img/Cabbage-5-2012-prep2.jpg; img/Cabbage-5-2012.jpg
,CAULIFLOWER,"Cauliflower, Black Bean, Corn, and Chicken/Meat Combo","Una Combinación de Coliflor, Fríjol Negro, Elote y Pollo/Carne",4,20 minutes,10 minutes,"1 can (15 oz.) black beans, drained | 1 can (14-15 oz.) creamed corn | 1 head of cauliflower, cut into pieces | Any cooked meat or cooked chicken, 1-2 cups | Salt and pepper, to taste (optional) | Low-fat grated cheese, chopped avocado, or low-fat sour cream (optional)","Combine beans and corn in a large pot. Heat on low for 3-4 minutes. | In a different pot, cook the cauliflower pieces (steam, boil, or microwave). | Mix cauliflower, beans, corn, cooked meat, and seasonings. | Top with grated cheese, chopped avocado, or sour cream (optional).",img/Cauliflower-7-2012.jpg
,ONION,Meat and Onion Pizza,Pizza de Carne y Cebolla,4,20 minutes,15 minutes,"2 large spoons oil | 1 pound ground meat (beef, pork, turkey) | 1 onion, peeled and cut into thin slices | 1 cup sliced vegetables such as broccoli, cauliflower, or zucchini (optional) | 1 container refrigerated pizza dough | ½ cup tomato sauce | salt and pepper or other seasoning (optional) | 1 cup shredded cheese","Preheat oven to 450 degrees. | In large pan, heat 1 large spoon of oil and cook the onions and other vegetables until they start to get tender. Remove from pan. | Add ground meat to the pan and cook until brown. Drain liquid and season mixture with salt, pepper, or other seasonings. | Combine the meat mixture and the cooked vegetables. | Put vegetable oil or non-stick spray on a baking sheet. With your fingers, spread out pizza dough into a 15x12 inch rectangle. | Top dough with tomato sauce. Leave about 1 inch in from the edge. | Top the sauce with the meat/vegetable mixture. | Top with the cheese. Fold edges over to create a thicker crust (optional). | Bake for 15 minutes or until crust is golden brown.",img/Onions-1-2012.jpg
,CAULIFLOWER,"Cauliflower, Corn, Rice, and Chicken/Meat Combo","Una Combinación de Coliflor, Elote, Arroz y Pollo/Carne",4,10 minutes,40 minutes*,"1 cup un-cooked rice | 1 can creamed corn (14-15 oz.) | 1 head of cauliflower, cut into pieces | any cooked meat or cooked chicken, 1-2 cups (optional) | low-fat grated cheese (optional)","Cook rice according to instructions on the package. | Cook the cauliflower pieces (steam, boil, or microwave). | Mix together cauliflower, corn, rice, and meat. | If desired, warm mixture on stove top or in 350 degree oven for 5 minutes. | Top with grated cheese and, if desired, place in the oven on the top rack, on broil, until cheese melts. (optional)",img/Cauliflower-6-2012.jpg
,GREENBEAN,Microwave Green Bean Soup,Sopa de Ejotes al Microondas,4,15 minutes,10 minutes,"2 small spoons vegetable oil | 2 carrots, cut into thin rounds | 1 bell pepper, cut into 1/2-inch pieces (optional) | 2-3 cups green beans, ends trimmed, cut into 2-inch lengths | 3 garlic cloves, thinly sliced (optional) | 1/3 cup rice | 1 can chicken broth | 2 large spoons ketchup | 1 can (15.5 ounces) of navy beans or other canned beans, drained and rinsed | salt or favorite seasonings (optional)","In a large, microwave-safe dish, place oil, carrots, bell pepper, green beans, and garlic. Stir to coat all the vegetables. | Cover the dish and microwave on high for 5 minutes. | Add rice, broth, ketchup, beans, 1 cup water, and a pinch of salt or other favorite seasonings. | Cover the dish and microwave on high until vegetables and rice are tender, about 5 minutes.",img/Greenbeans-5-2012.jpg
,ONION,Microwave Chicken and Onions and Garlic,Pollo al Horno de Microondas con Cebollas y Ajo,4,15 minutes,20 minutes,"1-2 chopped onions | 2 small spoons vegetable oil | 1 whole garlic head (optional) | 1 bell pepper, cut into squares (optional) | 1 large spoon ketchup | 4 boneless, skinless chicken breast halves | salt or pepper (optional) | 3 large spoons reduced-fat mayonnaise (optional) | 2 small spoons lemon juice (optional)","In a large, microwave-safe dish, toss onions and oil. Place garlic in the center of the dish. Cover and microwave on high for 5 minutes. | Add bell pepper and ketchup to the onion mixture. Stir. | Rub chicken with salt or pepper and place on vegetables, with thickest part of breast facing edge of dish. Cover and cook on high until chicken is cooked throughout, about 15 minutes. | Remove garlic. Slice off the top and squeeze cooked cloves into a small bowl. Add mayonnaise and lemon juice and mash with a spoon. Stir this mixture into vegetables. | Serve vegetables with chicken on top.",img/Onions-7-2012.jpg
,POTATO,Meat Stuffed Potatoes,Papas Rellenas de Carne,6,20 minutes,70 minutes,"6 baking potatoes | 1 pound ground meat (beef, turkey, or pork) | 2 large spoons chopped onion (optional) | 1 small spoon vegetable oil | ½ cup low-fat plain yogurt | 1 can green chilies (optional) | Salt, pepper, or favorite seasonings | 1cup shredded cheese (optional)","Preheat oven to 350 degrees. | Wash potatoes, dry them, and poke them all over with a knife. Put potatoes on a baking sheet and cook for about 1 hour, or until tender. Remove the potatoes from the oven and let them cool. | While the potatoes are cooking, put the oil in a frying pan and cook the meat and onions over medium heat until the meat is brown and the onions are soft. Drain the liquid. | Cut a thin slice off the top of each cooked potato. Scoop out the potato, leaving the potato shell. | Place the insides of the potato in a bowl. Add yogurt, chilies, salt, pepper, or any favorite seasonings. Stir well. | Stir in meat mixture and combine well. Stuff the potato shells. | Place the potatoes on a baking sheet. Sprinkle the potatoes with cheese. Bake for 10-15 minutes until heated through.",img/Potato-5-2012.jpg
,ROOTVEGETABLE,Root Vegetable and Chicken Stew,Estofado de Pollo con Hortalizas de Raíz,6,15 minutes,30 minutes,"2 large spoons oil | 3-4 skinless boneless chicken breasts, cut into 1-inch pieces | salt, pepper, or other favorite seasonings | 1/2 onion, peeled and chopped (optional) | 2 garlic cloves, peeled and chopped finely (optional) | 4-6 root vegetables (any mix of parsnips turnips rutabagas), peeled and cut into bite-size pieces | 1 sweet potato, peeled and cut into bite-size pieces | 2 cups low-sodium chicken broth | 1/4 cup raisins (optional) | 1 can (28 oz.) diced tomatoes","Heat 1 spoon oil in a large pot over medium-high heat. Sprinkle chicken pieces with salt and pepper. Add chicken to pot and cook quickly until light golden but not cooked through, 1-2 minutes. Put chicken in a bowl. | Add 1 spoon oil and onion to pot and cook until soft, 2-3 minutes. Add garlic and stir 1 minute. | Add sweet potatoes, parsnips, turnips, rutabaga, broth, and raisins (optional). | Bring to a boil, cover, and reduce to a simmer. Cook until vegetables are tender, about 20 minutes. Add tomatoes and chicken with its juices to the pot. Simmer until chicken is cooked through and flavors blend, about 5 minutes longer. | Can be served over cooked rice.",img/Root-8-2012.jpg
,POTATO,Potato and Meat Tacos,Tacos de Papa con Carne,6,10 minutes,20 minutes,"1-2 potatoes | 1 large spoon vegetable oil | 1 pound ground meat (beef, turkey, or pork) | 6 taco shells | salt and pepper | low fat sour cream (optional) | salsa or chopped tomatoes (optional) | shredded lettuce or cabbage (optional) | shredded cheese (optional) | chopped cilantro (optional)","Peel potatoes and cut into 1-inch pieces. Boil in lightly-salted water. Be sure that the water covers all of the potatoes. Cook until soft, 10-15 minutes. | Drain the potatoes and use a fork or potato mashed to smash to desired smoothness. Season with a pinch of salt and pepper. | Put vegetable oil in a frying pan. Heat the oil and cook the meat, using a wooden spoon or spatula to crumble meat into small pieces, 5-7 minutes. Drain liquid from the meat mixture. | Mix potatoes with cooked meat in a bowl. | Place generous amount of this mixture in each taco shell. Top with any of the optional ingredients.",img/Potato-1-2012.jpg
,ROOTVEGETABLE,Parsnip Fries,Pastinacas/Chirivías Estilo Papas Fritas,2-4,20 minutes,40 minutes,"4 parsnips | 2 large spoons vegetable oil | salt, pepper, or other favorite seasonings","Preheat oven to 450 degrees. | Trim tops and bottoms from parsnips and peel them. Cut lengthwise into sticks about the size of french fries. | Lightly oil a baking sheet with 1 large spoon oil. | Put parsnips in a bowl with about 1 large spoon oil. Toss parsnips and oil so that parsnips are well coated. Add salt, pepper, or favorite seasonings. | Spread parsnips in a single layer on the baking sheet. | Cook for about 15-20 minutes and turn parsnips. Return to oven and cook another 10-15 minutes, until parsnips are golden brown.",img/Root-4-2012.jpg
,CARROT,Carrot Bread (Part Microwave),Pan de Zanahoria (Usando un Horno de Microondas Parcialmente),8-10,30 minutes,35 minutes,"3 cups grated carrots | 1½ cups all-purpose flour | 2 small spoons baking powder | 1/4 small spoon baking soda | 3/4 small spoon salt | 4 eggs, beaten | 1 cup packed brown sugar | 1 stick unsalted butter or margarine, melted, and cooled","Preheat oven to 350 degrees. | In a medium microwave-safe bowl, combine carrots with 3 large spoons of water. Cover with plastic wrap and microwave until tender, 4 minutes. Drain carrots. | In a large bowl, stir together flour, baking powder, baking soda, and salt. Stir in eggs, sugar, and butter until combined. Mix in carrots. | Coat a loaf pan (9” x 5”) with butter or margarine or non-stick spray. Or, place wax paper to line the pan. Put mixture into this dish. | Bake until the top is golden brown and a toothpick inserted in center comes out clean, about 35 minutes. Let cool slightly before serving.",img/Carrot-7-2012-prep.jpg; img/Carrot-7-2012.jpg
,ZUCCHINI,Zucchini Pancakes,Tortitas de Calabacitas,2-3,25 minutes,25 minutes,"2 cups zucchini, grated | ¼ cup onion, finely chopped (optional) | 2 eggs, beaten | ¼ cup flour | ½ cup bread crumbs | pinch of salt or pepper or other favorite seasonings | 2 large spoons vegetable oil or cooking spray","In a bowl, combine all of the ingredients, except the oil. Mix well. | Spray frying pan with cooking spray or heat vegetable oil in the pan, at medium heat. | Drop large spoonfuls of zucchini mixture into the pan. Cook for 2-3 minutes per side, until golden brown. | Drain on a baking rack or paper towel. Serve immediately.",img/Zucchini-5-2012-prep.jpg; img/Zucchini-5-2012.jpg
,CARROT,Carrots and Rice with Meat,Zanahorias y Arroz con Carne,4,15 minutes,60 minutes,"1 cup rice | 1-2 pounds of ground meat (beef, turkey, or pork) | 1 onion, peeled and chopped into chunks | 2-4 carrots, peeled and cut into 3-inch sticks | 4 large spoons of oil | ½ cup of raisins | pinch of salt and pepper","Heat oven to 325 degrees. | Heat 2 large spoons of oil in a pan, add onions, stir and cook until brown, about 5 minutes. Remove onions. | Add ground meat to the pan. Use a wooden spoon or spatula to break meat apart, and cook until brown. Add 1 cup of water, salt, and pepper, and bring to a boil. Lower the heat, cover and simmer until the meat is cooked through, another 5 minutes. Remove meat from this broth. | Add cooked onions to the broth. | Heat 2 large spoons of oil in a different pan and add the carrot pieces. Cook gently, stirring until they are lightly browned and tender, adding a little water if needed to keep the carrots wet. Add raisins and cook gently until they get larger, 2-3 minutes more. | Bring 4-5 cups of water to a boil in another pot, add 1 small spoon of salt, and add rice. When water returns to a boil, cook rice for 2-3 minutes, and drain. | Mix rice and the onions with broth. Spread this mixture in a large casserole dish. Place cooked meat on top of rice, on one side of the dish, and the mixture of carrots and raisins on the other side. Bake in oven for 25 minutes. | To serve, you may want to separate carrot mixture, meat, and rice. Or, you may want to mix them together.",img/Carrot-5-2012.jpg
,CARROT,Carrot and Potato Mash,Puré de Zanahoria y Papa,4,10 minutes,30 minutes,"2 large brown potatoes | 3-4 carrots | 2 cloves garlic, peeled (optional) | ¼ cup low-fat milk (optional) | 2 large spoons butter or margarine | Salt, pepper, or other seasonings (optional)","Peel potatoes and cut into 1 inch pieces | Peel carrots and cut into ½ inch pieces | Combine potatoes, carrots, and garlic in a pot. Cover with water. Add a pinch of salt (optional). Bring to a boil and simmer until completely tender, about 20 minutes. | Drain vegetables, saving the cooking water. | Add milk and butter to the vegetables. | Use potato masher or fork to mash until smooth. Add cooking water to get desired texture. | Season with salt, pepper, or other seasonings (optional).",img/Carrot-6-2012.jpg
,SWEETPOTATO,Sweet Potato Smoothie,Licuado de Camote,1-2,10-40 minutes,None,"½ cup cooked sweet potato (boil, bake, or microwave) | 1 small container low-fat plain or vanilla yogurt | ½ cup orange juice, or to taste | 1small spoon vanilla extract (optional)",Peel the cooked sweet potato. Mash the sweet potato with a potato masher or fork. | Combine the sweet potato with the other ingredients in a blender. | Blend until smooth. Adjust ingredients to taste.,img/SwPotato-5-2012.jpg
,ROOTVEGETABLE,Honey Roasted Parsnips and Apples,Pastinacas/Chirivías y Manzanas Horneadas con Miel,6,15 minutes,60 minutes,"2-3 parsnips, peeled and cut into sticks, the size of French fries | 1 sweet potato, peeled and cut into sticks, the size of French fries (optional) | 2 apples, peeled and cored and cut into sticks, the size of French fries | 2 large spoons oil | 1 large spoon honey | 1 large spoon vinegar","Heat oven to 375 degrees. | With 1 spoon oil, grease inside of a casserole dish. | In a small pan over low heat, combine 1 spoon oil, honey, and vinegar. Stir until mixed. | Combine vegetable and apple pieces in a bowl. Toss with the honey mixture until all pieces are coated. | Put combination in casserole dish, cover with aluminum foil, and bake until tender, 45-60 minutes.",img/Root-7-2012.jpg
,ROOTVEGETABLE,Maple Glazed Chicken and Root Vegetables,Pollo Glaseado con Miel de Maple (Arce) y Hortalizas Tipo Raíz,6,30 minutes,40 minutes,"1 whole chicken cut into parts (breasts, wings, thighs, drumsticks), about 3 pounds | 1 large spoon oil | 2 cups root vegetables (rutabaga, turnips, or parsnips), peeled and cut into pieces (slices, sticks, or chunks) | 1 cup peeled potatoes, cut into pieces | 1 cup peeled carrots, cut into pieces (optional) | 1 cup chicken broth | 1 large spoon butter or margarine | 1/3 cup maple syrup | salt and pepper","Preheat oven to 425 degrees. Grease a baking dish with oil. | Place chicken pieces in the baking dish. Arrange vegetables around chicken pieces, season with salt and pepper. Pour broth over chicken and vegetables. Bake for 20 minutes. | In the meantime, in a pan, melt butter and stir in maple syrup. Brush mixture over chicken and vegetables and bake for another 15-20 minutes, until chicken is cooked all the way through. Brush chicken frequently with maple-butter mix. | Remove chicken and vegetables from pan. With a spoon, skim fat from liquid. Pour remainder of liquid over chicken.",img/Root-3-2012.jpg
,ONION,Fajitas,Fajitas,4,10 minutes,15 minutes,"1 onion, peeled and sliced thinly | 1 bell pepper (red, green, or yellow), sliced thinly | 3 cups of cooked meat (chicken or turkey pieces, or slices of beef or pork) | 1 15 oz. can of corn or creamed corn | 8 tortillas, 6-inch, warmed in a frying pan over medium heat (half a minute per side for each) | 1 cup picante sauce or salsa | 1 cup of pitted ripe olives, sliced | 2 large spoons vegetable oil","Heat oil in a pan, cook onion and pepper slices until they are tender, stirring occasionally, 5-7 minutes. | Reduce heat to low and add the corn and meat. Cook until the mixture is hot and bubbling. | Spoon about a 1/3 cup of meat mixture in the center of each tortilla. Fold tortillas around the filling. | Serve with bowl of the remaining meat mixture, and bowls of sauce or sliced olives, so diners can top their fajitas or add to the filling, as they wish.",img/Onions-6-2012.jpg
,GREENBEAN,"Chicken, Stuffing, and Green Bean Casserole","Guiso de Pollo, Relleno y Ejotes",4-6,20 minutes,30 minutes,"1 (6 oz.) package seasoned stuffing mix, prepared according to package directions | 2-3 chicken breasts, cooked and cut into small pieces | 1 can (10.5 oz.) condensed cream of chicken soup | 2-4 cups green beans, tips trimmed and cut into ½ inch pieces | 1 cup canned or frozen corn | ½ onion, peeled and chopped finely (optional) | 2 cloves garlic, peeled and chopped (optional) | 1 cup Cheddar or other cheese, shredded | Salt and pepper, to taste (optional)","Preheat oven to 350 degrees. | Boil green beans in a pot of water until tender, about 5 minutes. Drain | In a bowl, mix together cooked chicken, condensed soup, green beans, corn, onions, garlic, and salt and pepper. | In a baking dish (9x13 inches) spread out the chicken and vegetable mixture. Top with prepared stuffing. Sprinkle with cheese. | Cover tightly with aluminum foil and bake for 20 minutes. Remove cover and bake for another 10 minutes or until cheese is melted and browned.",img/Greenbeans-2-2012.jpg
,CAULIFLOWER,Cheesy Cauliflower and Chicken,Coliflor con Queso y Pollo,4,20 minutes,60 minutes,"1 head of cauliflower | 1 medium onion, peeled and chopped | juice of 1 lemon (optional) | 2 large spoons vegetable oil | 2 chicken breasts, cooked and cut into small pieces | ¼ cup low-fat sour cream | 1 cup low-fat cheddar cheese | salt and pepper (optional)","Preheat oven to 350 degrees. | Remove and discard green leaves from bottom of cauliflower. Cut cauliflower in half from top to bottom. Cut away the tough stem from both halves. Chop remaining cauliflower into bite-size pieces. | Combine cauliflower pieces, onion, lemon juice, and oil. Season with a pinch of salt and pepper. | Coat a baking dish with oil or line with aluminum foil. | Spread mixture onto baking dish. | Bake for 20 minutes. Stir and bake for another 20 minutes. (40 minutes total.) | Stir in the chicken and sour cream. Sprinkle top with cheese. Bake for another 5 minutes or until cheese has melted.",img/Cauliflower-1-2012.jpg
,CAULIFLOWER,Stove-top Chicken and Cauliflower,Guiso de Pollo y Coliflor,6-8,20 minutes,50 minutes,"8 or more chicken thighs or 6 chicken breasts (may be skinless and/or boneless) | ½ cup of flour | pinch of salt and pepper | 2 large spoons of oil | 2 cups of chicken broth | 2 cups of cauliflower florets | 2 cups of any other vegetables (carrots, peeled and cut into small pieces; onions, peeled and chopped into small pieces; green beans, cut into one-inch lengths)","Wash chicken and pat dry. Cut into bite size pieces. | Cut large cauliflower florets in half. | Place flour, salt, and pepper in a plastic bag. Add chicken pieces and shake to coat. | Add oil to a large frying pan or skillet over medium heat. Brown chicken pieces 
on all sides, about 5-7 minutes. Drain liquid. | Add broth, bring to a boil, reduce to simmer, and cover. Cook about 30 minutes. | Add vegetables, cover, and cook until vegetables are tender, about another 10 minutes.",img/Cauliflower-4-2012.jpg
,CARROT,Beef Stew with Carrots,Guiso de Carne con Zanahorias,6,20 minutes,2-2½ hours,"6-7 cups beef for stew, cut into 1 ½ inch cubes | ⅓ cup tomato paste | 3 large spoons vinegar | 2 large spoons flour | salt and pepper | 2 onions, cut into chunks | 4 cups potatoes, peeled and cut into one-inch chunks | 3-4 cups carrots, peeled and cut into small chunks | 3-6 cloves garlic, peeled and smashed (optional) | 3 cups of water","Preheat oven to 350 degrees. | In a large pot with a tight-fitting lid, combine tomato paste, vinegar, flour, pinches of salt and pepper, and one cup of water. Mix well. | Add beef, onions, potatoes, carrots, garlic, and 2 cups of water. Stir and bring to a boil. | Cover pot and put in oven. Cook until meat is tender, about 2-2 ½ hours.",img/Carrot-4-2012.jpg
,ONION,Beef Stew with Onions,Estofado de Carne con Cebollas,6,20 minutes,2-2½ hours,"6-7 cups beef for stew, cut into 1 ½ inch cubes | ⅓ cup tomato paste | 3 large spoons vinegar | 2 large spoons flour | salt and pepper | 2 onions, cut into chunks | 4 cups potatoes, peeled and cut into one-inch chunks | 3-4 cups carrots, peeled and cut into small chunks | 3-6 cloves garlic, peeled and smashed (optional) | 3 cups of water","Preheat oven to 350 degrees. | In a large pot with a tight-fitting lid, combine tomato paste, vinegar, flour, pinches of salt and pepper, and one cup of water. Mix well. | Add beef, onions, potatoes, carrots, garlic, and 2 cups of water. Stir and bring to a boil. | Cover pot and put in oven. Cook until meat is tender, about 2-2½ hours.",img/Onions-5-2012.jpg
,ZUCCHINI,Baked Zucchini and Chicken,Calabacitas y Pollo al Horno,2,15 minutes,30 minutes,"2 boneless, skinless chicken breasts | 2 zucchini | salt and pepper or other favorite seasonings | garlic salt (optional) | onion powder (optional) | 2 lemon slices (optional)","Preheat oven to 400 degrees. | Cut 2 sheets of aluminum foil, about 12 inches long. Coat the foil with a small amount of vegetable oil. | Slice zucchini into 1/4 inch pieces. Divide the zucchini onto the two sheets of foil. | Place chicken breasts on top of zucchini. Sprinkle with salt, pepper, garlic salt, onion powder, or other favorite seasonings. Place a lemon slice on top of each chicken. | Cut two more sheets of foil. Put a sheet on top of each of the chicken breasts. Fold the edge together tightly to make two packets. | Place foil packets on baking sheet and cook for 30 minutes.",img/Zucchini-7-2012.jpg
,CAULIFLOWER,Cauliflower and Meat Casserole,Guiso de Coliflor y Carne,4-6,15 minutes,60 minutes,"1 pound ground meat (beef, turkey, or pork) | 1 onion, peeled and chopped | 2 cloves of garlic, peeled and chopped (optional) | 1 head of cauliflower | 2-3 carrots, peeled and cut into ½-inch chunks (optional) | 2 cans (10.7 oz.) cream of mushroom soup | 1 cup water | pinch of salt and pepper, or any favorite seasonings | vegetable oil | 1 package seasoned stuffing mix (optional)","Preheat oven to 375 degrees. Use 1-2 large spoons of oil to lightly grease a 9x13 inch baking dish. | Remove and discard green leaves from bottom of cauliflower. Cut cauliflower in half from top to bottom. Cut away the tough stem from both halves. Chop remaining cauliflower into bite-size pieces. | Heat 1 large spoon of oil in a pan on medium heat. Cook onions and garlic, mixed with a pinch of salt and pepper or any favorite seasonings, until soft, 4-5 minutes. Remove onion mixture from pan. | Add meat to pan. Crumble meat into separate pieces and brown for 7-10 minutes, stirring repeatedly. | Drain liquid from meat. Add onion mixture to the meat in the pan. Mix well | Transfer meat and onion mixture to the baking dish. Mix cauliflower pieces and carrot pieces in a bowl, and spread on top. | Mix soup with 1 cup water and spread evenly over the top of the vegetables. | Bake for 30-40 minutes, or until vegetables are tender. | Optional: If you want to top the dish with cheese, or bread crumbs, or crushed cornflakes, sprinkle your topping on the dish after 20 minutes of baking. | Optional: Mix a small bag of packaged, seasoned stuffing with the cauliflower and carrots before adding them to the dish.",img/Cauliflower-5-2012.jpg
,GREENBEAN,Beef and Green Beans,Ejotes y Carne,6,10 minutes,30 minutes,"1large spoon vegetable oil | 1 onion, peeled and chopped into small pieces | 2 cloves garlic, peeled and chopped (optional) | 1 pound ground beef | 3-4 cups fresh green beans, tips trimmed and cut into 1 inch pieces | 1 can (14.5 oz.) diced tomatoes | salt and pepper | spaghetti noodles or any other noodles (optional)","Put oil in a pan and cook onions at medium heat until soft, about 3-5 minutes. Add garlic and cook for about 30 seconds. Add beef, breaking it into little pieces, and cook until brown. | Remove mixture from pan and put into a bowl. Leave liquid in the pan. | Add green beans to the pan and cook for 4-5 minutes. Add the tomatoes to the pan and cook until warmed through. Add the beef mixture to the pan and cook for another 10 minutes. You can add a bit of water, if needed. | Season with a pinch of salt and pepper. | Serve with spaghetti noodles (or any other noodles), prepared according to package (optional).",img/Greenbeans-3-2012.jpg
,GREENBEAN,Pan-roasted Chicken with Lemon-Garlic Green Beans,Pollo Asado al Sartén con Ejotes y Limón al Mojo de Ajo,4,15 minutes,55 minutes,"4 chicken breasts, with bones and skin | 2-3 large potatoes, cut into wedges | 2-3 large hands-full of green beans, ends trimmed | 4 garlic cloves, peeled and chopped finely (optional) | 2 lemons, 1 thinly sliced and 1 juiced | vegetable oil | pinch of salt and pepper","Heat oven to 375 degrees. | Coat a large baking dish with one large spoon of oil, or line the dish with aluminum foil. Place lemon slices in a single layer that covers the bottom. | In a large bowl, combine 4 large spoons of oil, lemon juice, garlic, salt, and pepper. Add green beans, toss to coat, remove with slotted spoon, and place on lemon slices in baking dish. | Add potato wedges to same oil mixture, toss to coat, remove with slotted spoon, and place around the edges of baking dish. | Place chicken pieces in same mixture, coat thoroughly, and place skin-side up in the baking dish center. | Cover dish tightly with aluminum foil. | Cook for 25 minutes. Remove foil and cook for another 20 minutes. Remove chicken and cook for another 10 minutes, if needed, until potatoes are tender.",img/Greenbeans-4-2012.jpg
,ONION,Baked Onions,Cebollas Horneadas,4,5 minutes,30 minutes,"2 onions | vegetable oil | pinch of salt and pepper, or other favorite seasonings","Preheat oven to 400 degrees. | Lightly grease a baking sheet with 1 large spoon of oil. | Peel onions and cut into quarters. | In a bowl, stir 1 large spoon oil, salt, pepper, or other seasonings. Add onions and coat completely. | Place onions on a baking sheet and cook for about 30 minutes. Onions should be cooked through and soft. | These onions can be used as a side dish or added to soups, stews, eggs, or other dishes.",img/Onions-4-2012.jpg
,ONION,Chicken and Onion Soup,Sopa de Pollo y Cebolla,8,10 minutes,30 minutes,"2 large spoons vegetable oil | 4 onions, peeled and thinly sliced | 4 cups chicken or beef broth | 2-3 cups water | 2 carrots, peeled and thinly sliced (optional) | 2 stalks of celery, thinly sliced (optional) | 1 cup uncooked noodles (any shape) | 2 cups cooked chicken, cut into small pieces | salt and pepper","Put oil in a large pot and heat over medium heat. Add onions and cook 5-7 minutes until golden brown, stirring occasionally. Remove onions from pot and put in a bowl. | Into the pot, add broth, water, carrots, and celery, and bring to a boil. Stir in noodles. Cook for about 12-15 minutes or until noodles are cooked. | Reduce heat and add the chicken and onions to the pot to warm. | Season with a pinch of salt and pepper.",img/Onions-2-2012.docx
,GREENBEAN,Creamy Green Bean Soup,Sopa Cremosa de Ejotes,4-6,15 minutes,60 minutes,"4 cups water | 1-2 cups cooked ham, cut into small chunks (optional) | 2 cups potatoes, peeled and cut into small pieces | 1 onion, peeled and sliced | 1 chicken bouillon cube | 1 (10.7 oz.) can condensed cream of potato or condensed cream of chicken soup | 1½ cups low-fat milk | 3 cups fresh green beans, ends trimmed and cut into ½ inch pieces | 1 cup canned or frozen corn | salt and pepper","In a pot, add the water, ham, potatoes, onions, and bouillon cube. Bring to a boil then reduce heat to medium low. Cook until potatoes are tender, about 35 minutes. | Add condensed soup, milk, green beans, and corn to pot. | Cook for another 10-15 minutes. Skim off any excess fat. | Season with salt or pepper, to taste.",img/Greenbeans-1-2012.jpg
,POTATO,Scalloped Potatoes,Papas Gratinadas,6,20 minutes,60 minutes,"6 potatoes, peeled and thinly sliced | 2-3 onions, peeled and thinly sliced | 1 can (10.7 oz.) cream of mushroom soup | ½ cup low-fat milk | Grated cheddar cheese (optional) | Salt and pepper (optional) | Vegetable oil","Preheat oven to 350 degrees. | In a small bowl, mix the mushroom soup and the milk. Add a pinch of salt and pepper, if desired. | Grease a baking dish with 1 large spoon oil. Put in a layer of potatoes, then a layer of onions, topped with cheese. Drizzle some of the soup mixture on top. Continue to create layers of potatoes, onions, cheese, and soup mixture. | Top with cheese. Bake for an hour or more, until potatoes are tender.",img/Potato-6-2012.jpg
,CAULIFLOWER,Microwave Chicken and Cauliflower,Pollo y Coliflor al Microondas,4,25 minutes,25 minutes for each batch,"3 cups of chicken parts, cut into 1½ inch pieces | salt, pepper, or other favorite seasonings | 1 clove garlic, peeled and finely chopped (optional) | 1 onion, peeled and chopped (optional) | 3 cups cauliflower florets, large florets cut into smaller sections | 1 cup frozen peas","You may want to prepare this recipe in two or more batches. That depends on the size of your microwave dish. Divide chicken pieces into as many batches as you will need.
Divide cauliflower and peas into as many batches as you will need. | Arrange some of the chicken pieces on a microwavable baking dish, in a single layer with skin sides up. | Sprinkle with a pinch of salt, pepper, favorite seasonings, and garlic. Add some chopped onion. | Cover tightly and microwave on high for 5 minutes. Stir. Cook another 5 minutes. | Add some cauliflower and peas. Rotate baking dish 1/2 turn. | Cover tightly, again, and microwave on high until thickest parts of chicken are done and vegetables are tender, 10 to 15 minutes. Transfer to a dish you can keep warm. | Repeat with second or more batches.",img/Cauliflower-8-2012.jpg
,POTATO,Crispy Oven French Fries,Papas Crujientes al Horno Estilo Papas a la Francesa,2,40 minutes,35 minutes,"2 large brown potatoes | salt, pepper, or other favorite seasonings | vegetable oil","Heat oven to 475 degrees, and adjust oven rack to lowest position. | Lightly coat a baking sheet with 1 large spoon of oil. | Peel potatoes. Cut potatoes into sticks, the width of a pencil and the full length of the potatoes. Uniform size helps the oven fries cook evenly. | Soak potato sticks in a bowl of cold water in the refrigerator for 30 minutes. | Discard water, rinse, and drain the potatoes. Pat dry thoroughly with paper towels. | Toss potatoes with 2 large spoons of vegetable oil and pinches of salt, pepper, or other seasonings. | Place the potatoes in a single layer on the baking sheet. | Cover tightly with aluminum foil and bake for 5 minutes. Remove foil and bake for another 15 minutes, or until potatoes start to brown. | Turn sticks over and bake for another 15 minutes, or until potatoes reach desired color and crispness.",img/Potato-4-2012-prep.jpg; img/Potato-4-2012.jpg
,ZUCCHINI,Microwave Zucchini Parmesan,Calabacitas Parmesanas en Horno de Microondas,4,12 minutes,20 minutes,"2 zucchini | salt, pepper, or favorite seasonings | ¼ cup grated parmesan cheese | 1 can (4 oz.) mushrooms, drained (optional) | ½ cup shredded white cheese (such as mozzarella) | 1 jar (8 oz.) tomato sauce","Slice zucchini thinly and evenly. Layer in a 12 x 7 inch glass baking dish. Cook on high for 5 minutes. | Remove from microwave, sprinkle with pinches of salt, pepper, or favorite seasonings. Sprinkle with parmesan cheese. | Top with mushrooms, white cheese, and then tomato sauce. | Cook on high for 10 to 15 minutes until hot and bubbly.",img/Zucchini-9-2012.jpg
,ROOTVEGETABLE,Beef and Root Vegetable Stew,Estofado de Carne y Hortalizas de Raíz,4-6,15 minutes,1 hour 45 minutes,"¼ cup of flour, plus 2 large spoons for thickening, if desired | 1 small spoon of salt | 1 small spoon of pepper | 1 pound of beef, cut into 1-inch cubes | 3 large spoons of vegetable oil | 1 can (16 oz.) of stewed tomatoes, including juice | 1 onion, peeled and sliced (optional) | 1 ½ cup of water | ½ cup of maple syrup | 3 cups root vegetables (any combination of turnips, rutabagas, parsnips), peeled and cut into 1 inch pieces | 2 carrots, peeled and cut into 1 inch pieces (optional)","Combine ¼ cup flour with salt and pepper in a plastic bag. Pat meat dry with paper towels. Add beef pieces to bag and shake to coat. | Heat oil in a large pot. Brown meat on all sides. | Add tomatoes, onions, water, and maple syrup. Bring to a boil. Cover and reduce heat to a simmer and cook for an hour, or until meat is tender. | Stir in pieces of rutabagas, turnips, parsnips, and carrots. Continue cooking for 45 minutes or until vegetables are tender. Stir occasionally. Add water when cooking, if mixture becomes dry. | If desired, to thicken stew, stir 2 large spoons of flour with ¼ cup water. Mix thoroughly with stew.",img/Root-5-2012.jpg
,SWEETPOTATO,Sweet Potato Chips,"Papitas de Camotes Horneados Estilo ""Chips""",2,10 minutes,20 minutes,"1 sweet potato | salt or your favorite seasonings, to taste | vegetable oil","Preheat oven to 350 degrees. Lightly coat a baking sheet with vegetable oil. | Peel sweet potato and cut into slices as thin as possible. Cut rounds into half moons, if you wish. | In a bowl, mix sweet potato slices with 1 small spoon of vegetable oil. Make sure the sweet potatoes are coated all over. | Spread sweet potatoes in a single layer on the baking sheet. Make sure the potatoes are not overlapping. | Sprinkle salt or seasonings on sweet potatoes. | Bake for 5 minutes. Turn sweet potatoes and sprinkle with a bit more salt or seasonings, if desired. Continue cooking potatoes and turning them every 5 minutes until they are cooked through and crisp, about 20 minutes total.",img/SwPotato-7-2012.jpg
,ROOTVEGETABLE,Root Vegetable Casserole,Guiso de Hortalizas de Raíz,4,25 minutes,90 minutes,"3 cups root vegetables (any combination of turnips, rutabagas, parsnips), peeled and sliced about ¼ inch thick | 1 cup carrots, peeled and sliced about ¼ inch thick | salt and pepper or other favorite seasonings | 3/4 cup grated cheese | 1 cup low-fat milk | Vegetable oil or cooking spray","Preheat the oven to 400 degrees | Lightly coat a baking dish (9x13 inches) with vegetable oil or cooking spray. | Place the sliced vegetables in a large bowl, and toss with 1 large spoon oil and pinches of salt, pepper, or other favorite seasonings. | Place a layer of vegetables in the baking dish and top with some of the milk. Add layers of vegetables and milk until all ingredients are used. | Cover dish tightly with aluminum foil. | Bake 45 minutes. During baking, every 15 minutes, use the back of a spoon to press the vegetables into the milk. | Uncover the dish and add the cheese. Return to the oven and bake another 30 to 45 minutes, until vegetables and cheese are browned and most of the liquid is absorbed.",img/Root-6-2012.jpg
,ZUCCHINI,Orange Chicken with Zucchini,Pollo a la Naranja con Calabacitas,4,35 minutes,10-12 minutes,"2 chicken breasts, boneless and skinless | 3 large spoons vegetable oil | zest of one orange | ½ cup orange juice | 2 small spoons ginger root, finely chopped (optional) | 1 small spoon salt | ½ cup chicken broth | 2-3 zucchini | 2 cloves garlic, peeled and chopped (optional)","Wash, clean, and dry chicken breasts. Cut into 1-inch pieces and place in a glass or ceramic bowl. Add 2 large spoons of oil, orange zest, orange juice, chopped ginger, and salt. | Mix ingredients and let sit for 30 minutes at room temperature. Then, remove chicken pieces and put on a plate. | Cut zucchini into ½ inch pieces. | Heat 1 large spoon vegetable oil in a large frying pan on medium-high heat. Add chicken pieces and cook until brown, about 5-7 minutes. Stir and make sure you allow space around each piece of chicken to allow proper browning. You may need to cook chicken in two batches. Remove cooked chicken and place in a bowl. | Add chicken broth to pan and scrape any bits of chicken or other flavorings from the bottom of the pan. Add zucchini and garlic and cook, on medium heat, until tender, 2-3 minutes, stirring often. Return chicken pieces and juices to the pan, and cook for another 1-2 minutes.",img/Zucchini-8-2012.jpg
,SWEETPOTATO,Sweet Potato and Meat Hash,Picadillo de Camotes y Carne,4,20 minutes,50 minutes,"1 pound ground meat (turkey, beef, or pork) | 1 onion, peeled and cut into half-inch pieces | 2 apples, cut into half-inch pieces | 2 sweet potatoes, peeled and cut into half-inch pieces | 2 large spoons of butter | vegetable oil | salt and pepper | small bag of spinach, chopped (optional) | 4 eggs (optional) | small dish of low-fat yoghurt (optional) | 2-3 chopped green onions (optional)","Preheat oven to 400 degrees. | Heat a frying pan and add the meat. Crumble the meat into small pieces and cook 5-7 minutes, on medium. | Use vegetable oil or non-stick spray to coat the inside of a baking dish (9x13 inches). | Combine onions, apples, and sweet potatoes in a bowl with melted butter and a large spoon of oil. Toss with pinches of salt and pepper to taste. | Spread vegetable mixture in baking dish. Cook for 30-35 minutes, stirring twice. | Add meat to baking dish and stir with vegetable mixture. If you wish, also mix in the chopped spinach. Return to oven for 5-7 minutes. | If you wish, form the hash into four patties for serving, and top each with a fried egg. Or, serve hash loosely on each plate, and offer yoghurt or chopped green onions as a topping.",img/SwPotato-4-2012.jpg
,SWEETPOTATO,Pork and Sweet Potato Stew,Estofado de Puerco y Camote,4-5,20 minutes,20-25 minutes,"1½ lbs. pork loin, cut into 1 inch cubes | salt and pepper | 2 large spoons of flour | 2 large spoons, vegetable oil | ½ large onion, chopped | 2 stalks celery, chopped (optional) | 2 cloves garlic, finely chopped (optional) | 1 cup chicken broth | ½ cup apple, cranberry, or apple-cranberry juice | 1 cup water | 3-4 sweet potatoes, peeled, cut into 1inch cubes","Sprinkle pork cubes with salt and pepper. | In a bowl, place flour. Add pork and toss to coat. | In large pot over medium heat, add 1 large spoon of oil. Add pork and brown on all sides. Remove pork from the pan and place in a bowl. | In same pot that the pork was in, add 1 large spoon of oil. Add onion and celery and cook for about 5-7 minutes, or until tender. | Add garlic and any remaining flour and stir. | Add broth, juice, and water. Return pork to pot. Add sweet potatoes. Stir to mix thoroughly, scraping bottom of pot. | Bring to boil then reduce heat to a simmer and cook, covered, for 20-25 minutes or until pork and potatoes are tender. Season to taste with salt or pepper (optional). | If you want sauce to be thicker, mix in 1-2 large spoons of flour.",img/SwPotato-2-2012.jpg
,CABBAGE,Cabbage and Potato Casserole,Guiso de Repollo/Col y Papas,4-6,20 minutes,55 minutes,5 strips of bacon (optional) | 1 small or medium head cabbage | 3 large brown potatoes | ½ cup broth | pinch of salt or pepper | ½ cup shredded Swiss cheese or other cheese,"Preheat oven to 375 degrees. | Remove outer leaves of cabbage. Set the cabbage on its end and cut in half. Remove the core and chop the remaining cabbage into strips. | Peel and chop potatoes into bite-size pieces. | Separate strips of bacon, cut into 1-inch pieces, and cook in an oven-proof pot. Stir occasionally, until bacon begins to crisp, 5-7 minutes. | Add cabbage strips to the pot and cook, covered. Stir occasionally, until cabbage is soft, about 10 minutes. | Add potato pieces, broth, salt and pepper. Mix ingredients thoroughly. | Sprinkle with cheese. Cover and bake for 15 minutes. | Uncover and continue baking until potatoes are tender and mixture is bubbling, about 15-20 more minutes.",img/Cabbage-8-2012.jpg
,CARROT,Carrot-Pineapple Smoothie,Licuado de Zanahoria y Piña,1,10 minutes,None,"1-2 carrots, chopped into small pieces | ½ cup canned, crushed pineapple | 4 large spoons orange juice | ½ cup ice | ½ banana, sliced (optional)",Place all of the ingredients in a blender. | Blend until smooth. Adjust ingredients to taste.,img/Carrot-8-2012.jpg
,BROCCOLI,Broccoli-Blueberry Smoothie,Licuado de Brócoli y Arándanos,1,10 minutes,None,"1-2 cups broccoli florets, chopped into small pieces | 1 cup frozen blueberries | 1 cup low-fat milk | ½ banana | handful of raisins (optional)",Place all of the ingredients in a blender. | Blend until smooth. Adjust ingredients to taste.,img/Broccoli-13-2012.jpg
,CAULIFLOWER,Cauliflower-Raspberry Smoothie,Licuado de Coliflor y Frambuesas,1,10 minutes,None,½ cup cauliflower florets | ½ cup frozen raspberries or frozen mixed berries | ½ banana | ½ cup low-fat milk | 1 small spoon vanilla extract | 2 large spoons low-fat plain or flavored yogurt,Place all of the ingredients in a blender. | Blend until smooth. Adjust ingredients to taste.,img/Cauliflower-9-2012.jpg
,CABBAGE,Cabbage-Strawberry Smoothie,Licuado de Repollo/Col y Fresas,2,10 minutes,None,2 cups chopped cabbage | ½ cup water | 1 banana | 1 cup frozen strawberries | 1 container low-fat strawberry yogurt,Place all of the ingredients in a blender. | Blend until smooth. Adjust ingredients to taste.,img/Cabbage-10-2012.jpg
,GREENBEAN,Green Bean and Fruit Smoothie,Licuado de Ejotes y Fruta,2,10 minutes,None,"1 handful of green beans, chopped | 2 handfuls of spinach (optional) | 1 apple, peeled, cored, and chopped into small pieces | 1 banana | ½ cup water | ice",Place all of the ingredients in a blender. | Blend until smooth. Adjust ingredients to taste.,img/Greenbeans-6-2012.jpg
,ZUCCHINI,Zucchini and Fruit Smoothie,Licuado de Calabacitas y Fruta,1,10 minutes,None,"1 zucchini, chopped into small pieces | 1 banana, cut into small pieces | 1 apple, peeled, cored, and chopped into small pieces | ½ cup water","Place all of the ingredients in a blender. | Blend until smooth. Add additional water, if needed.",img/Zucchini-10-2012.jpg
,ROOTVEGETABLE,Parsnip and Apple Smoothie,Licuado de Pastinacas/Chirivías y Manzana,1,15 minutes,7 minutes,"2 parsnips | 1 apple, peeled, cored and cut into small pieces | 1 cup apple juice | 1 large spoon honey (optional)","Peel the parsnips and cut into small pieces. Put ½ cup of water in a pan. Add the parsnips and cook, covered, until the parsnips are soft, about 5-7 minutes. | Drain and cool the parsnips. You can store the cooked parsnips in the refrigerator until you are ready to use them. | Place all of the ingredients in a blender. Blend until smooth.",img/Root-10-2012.jpg
,CAULIFLOWER,Tortilla Pizza with Cauliflower,Pizza de Tortilla con Coliflor,Depends on size of tortillas,10 minutes,12-20 minutes,tortillas | tomato or other pasta sauce | vegetable or meat toppings | shredded cheese,"You can use any size tortilla to make this pizza. You can vary the amount of sauce, toppings, and cheese. | Heat oven to 425 degrees. Put tortilla on a baking sheet. | Spread sauce evenly across the tortilla, leaving ½ inch around edges. | Spread toppings on sauce. Sprinkle with cheese. | Bake in oven for 10-15 minutes, until cheese is bubbling and edges of the tortilla are lightly browned.",img/Tort_Pizza_with_Cauliflower.jpg
,ZUCCHINI,Tortilla Pizza with Zucchini,Pizza de Tortilla con Calabacitas,Depends on size of tortillas,10 minutes,12-20 minutes,tortillas | tomato or other pasta sauce | vegetable or meat toppings | shredded cheese,"You can use any size tortilla to make this pizza. You can vary the amount of sauce, toppings, and cheese. | Heat oven to 425 degrees. Put tortilla on a baking sheet. | Spread sauce evenly across the tortilla, leaving ½ inch around edges. | Spread toppings on sauce. Sprinkle with cheese | Bake in oven for 10-15 minutes, until cheese is bubbling and edges of the tortilla are lightly browned.",img/Tort_Pizza_with_Zucchini.jpg
,ONION,Tortilla Pizza with Onions,Pizza de Tortilla con Cebollas,Depends on size of tortillas,10 minutes,12-20 minutes,tortillas | tomato or other pasta sauce | vegetable or meat toppings | shredded cheese,"You can use any size tortilla to make this pizza. You can vary the amount of sauce, toppings, and cheese. | Heat oven to 425 degrees. Put tortilla on a baking sheet. | Spread sauce evenly across the tortilla, leaving ½ inch around edges. | Spread toppings on sauce. Sprinkle with cheese. | Bake in oven for 10-15 minutes, until cheese is bubbling and edges of the tortilla are lightly browned.",img/Onion_Tort_Pizza.jpg
,CAULIFLOWER,Roasted Cauliflower and Apple Soup,Sopa de Coliflor Asada y Manzana,6,20 minutes,55 minutes,"1 cauliflower | 2 apples, peeled and cut into small pieces | 1 onion, peeled and cut into small pieces | 3 peeled cloves garlic (optional) | ¼ cup sliced ginger (optional) | 3 large spoons vegetable oil | 5 cups chicken or vegetable broth | pinch of salt (optional)","Preheat oven to 425 degrees. | Cut out the tough stem of the cauliflower. Then, cut the cauliflower into small pieces. | Put the cauliflower, apples, onions, ginger, garlic, and salt in a roasting pan or baking sheet. Add the oil and toss to coat everything. | Bake for 40 minutes. Mix once or twice. Cook until cauliflower is lightly browned and the onion is tender. | Work in a few batches. Put the vegetables in a blender or food processor with some of the broth. Don’t fill the blender or food processor more than half full. Mix until very smooth. After the soup is blended, put it in a large pot. | Reheat the soup over low temperature.",img/Caulif_and_Apple_Soup.jpg
,POTATO,Baked Potatoes Stuffed with Broccoli,Papas Horneadas Rellenas con Brócoli,4-6,20 minutes,60-75 minutes,"2 large baking potatoes | 1 cup cooked broccoli (steamed, boiled, or Microwaved), chopped into small pieces | 2 large spoons of butter or margarine | 1 green onion, including green part, finely chopped (optional) | ½ cup low-fat sour cream (optional) | 1 cup shredded cheese, any kind (optional) | salt and pepper, to taste","To bake the potatoes, first clean them and stab them several times with a fork or sharp knife. This will allow heat to be released as the potatoes bake. | Bake the potatoes for 50-60 minutes at 350 degrees. | Slice the potato in half, lengthwise. Scoop out the insides and mash in a bowl with the butter or margarine, until smooth. | Add the green onion, sour cream, or shredded cheese (optional). | Mix in pinch of salt and pepper. | Stir in the broccoli pieces. | Stuff the potato-broccoli filling into the potato skins. Put any extra filling in an oven proof container. | Cook the stuffed potatoes (and any extra filling) for 1015 minutes at 350 degrees.",recipe/BR-212/photo1.jpg
,CARROT,Crock Pot Chicken and Carrot Stew,"Estofado de Pollo y Zanahorias en una Olla Eléctrica Tipo ""Crock Pot""",4,12 minutes,5½-6 hours,"3 large potatoes or 6 small potatoes, peeled and cut into medium-size chunks | 3-4 carrots, peeled and cut into medium-size chunks | 4 chicken half-breasts, either boneless or with the bone | 1 can (10 ¾ ounce) condensed cream of chicken soup | 1 can (10 ¾ ounce) condensed cream of mushroom soup | pinch of salt, pepper, garlic salt, garlic powder, or other favorite seasonings (optional) | frozen peas or other frozen vegetables (optional)","Trim and throw away the excess fat from the chicken. The chicken can be cooked with or without the skin. | Place all ingredients in the crock pot and mix completely. Sprinkle with favorite seasonings (optional). | Cook on low for 6 hours. Check in 5 ½ hours to see if chicken is cooked and vegetables are tender. | If you are adding frozen peas (or other frozen vegetables), toss them into the crock pot and continue cooking for 15-20 minutes.",img/CrockPot_Carrots.jpg
,ONION,Onion Pot Roast in a Crock Pot,"Guisado de Carne con Cebollas en una Olla Eléctrica Tipo ""Crock Pot""",6,25 minutes,6-7 hours,"2½ pounds boneless chuck roast | 4 medium onions, peeled and sliced | 3 large spoons vegetable oil | pinches of salt and pepper | 1 cup beef broth | ½ cup apple juice | 1 large spoon brown sugar | 1 large spoon vinegar | 2 large spoons mustard","Pat meat dry all over. Lightly salt and pepper all over. | Heat oil in a pot or large pan at medium high, and brown the meat on all sides. Remove to a plate. | Add onions to the pot or pan and cook until brown, stirring often. | Combine broth, juice, sugar, vinegar, and mustard in a bowl. Add to the onions when browned. | Put half the onion mixture in crock pot, and place the meat on top. Cover with rest of onion mixture. | Cook on low 6 to 7 hours.",img/Onion_Beef_CrockPot.jpg
,SWEETPOTATO,Crock Pot Pork and Sweet Potatoes,"Puerco en Olla ""Crock Pot"" y Camotes",4-6,25 minutes,5-5½ hours,"1½ pounds boneless pork, cut into 1 inch chunks | 6 medium sweet potatoes, peeled and cut into 1 inch chunks | 1-2 large onions, peeled and cut into chunks | 1 cup barbeque sauce (any flavor) | 2 garlic cloves, minced (optional)","Place pork in the bottom of the crock pot. | In a large bowl, combine sweet potatoes, onions, barbeque sauce, and garlic. Mix well and add to crock pot. | Cook on low for 5-5 ½ hours, or until meat is cooked and vegetables are tender.",img/CrockPotPorkSweetPotatoes.jpg
